CATEGORY,RATINGS,ratings,image,BRAND,PRODUCT_LINK,NAME,SIZE,PRICE,ORIGINAL PRICE,DISCOUNT,historical_sales
Men,4.1,|68k,"https://assets.myntassets.com/dpr_2,q_60,w_210,c_limit,fl_progressive/assets/images/2454221/2024/6/20/64eef9af-2553-4188-9435-55a4f30fbe031718882704386HIGHLANDERMenOliveGreenSlimFitSolidCasualShirt1.jpg",HIGHLANDER,https://www.myntra.com/shirts/highlander/highlander-men-olive-green-slim-fit-solid-casual-shirt/2454221/buy,Men Slim Fit Casual Shirt,Sizes: 39,Rs. 539,Rs. 999,(46% OFF),9511
Men,3.9,|156,"https://assets.myntassets.com/dpr_2,q_60,w_210,c_limit,fl_progressive/assets/images/18586414/2022/6/2/75077d2a-68de-4407-acf1-e6d654163d341654157848321Shirts1.jpg",HIGHLANDER,https://www.myntra.com/shirts/highlander/highlander-men-green-slim-fit-casual-shirt/18586414/buy,Slim Fit Casual Shirt,Sizes: 44,Rs. 550,Rs. 1449,(62% OFF),26
Men,4.3,|3k,"https://assets.myntassets.com/dpr_2,q_60,w_210,c_limit,fl_progressive/assets/images/productimage/2021/4/9/cf5b0a84-0a2f-43cf-899f-6c7163af0bcf1617966955694-1.jpg",HIGHLANDER,https://www.myntra.com/shirts/highlander/highlander-men-blue-slim-fit-striped-casual-shirt/14063038/buy,Slim Fit Casual Shirt,Sizes: 42,Rs. 405,Rs. 1399,(71% OFF),320
Men,4.2,|291,"https://assets.myntassets.com/dpr_2,q_60,w_210,c_limit,fl_progressive/assets/images/28086692/2024/3/7/2b284b7f-27a3-4f3a-93c7-9e216efe524d1709796646554HIGHLANDERMenSlimFitTartanChecksOpaqueCheckedCasualShirt1.jpg",HIGHLANDER,https://www.myntra.com/shirts/highlander/highlander-men-slim-fit-tartan-checks-opaque-checked-casual-shirt/28086692/buy,Slim Fit Opaque Casual Shirt,Sizes: 40,Rs. 549,Rs. 1799,(Rs. 1250 OFF),60
Men,4,|682,"https://assets.myntassets.com/dpr_2,q_60,w_210,c_limit,fl_progressive/assets/images/16951962/2022/1/27/bfa31bb5-9528-42df-a6fd-d092c4d5d9bc1643289320493Shirts1.jpg",HIGHLANDER,https://www.myntra.com/shirts/highlander/highlander-men-blue--pink-slim-fit-printed-cotton-casual-shirt/16951962/buy,Men Slim Fit Cotton Shirt,Sizes: 42,Rs. 404,Rs. 1349,(70% OFF),56
Men,4,|907,"https://assets.myntassets.com/dpr_2,q_60,w_210,c_limit,fl_progressive/assets/images/16730720/2022/1/7/80ccde76-9e42-4680-872a-7e68f54900f71641576371236Shirts1.jpg",HIGHLANDER,https://www.myntra.com/shirts/highlander/highlander-men-white-slim-fit-striped-casual-shirt/16730720/buy,Slim Fit Casual Shirt,Sizes: 40,Rs. 350,Rs. 1349,(74% OFF),88
Men,4.1,|402,"https://assets.myntassets.com/dpr_2,q_60,w_210,c_limit,fl_progressive/assets/images/21472038/2023/1/9/233f3374-03aa-47cd-be71-1647eb41b61e1673259836544Shirts6.jpg",HIGHLANDER,https://www.myntra.com/shirts/highlander/highlander-men-hooded-casual-slim-fit-shirt/21472038/buy,Men Slim Fit Casual Shirt,Sizes: 39,Rs. 584,Rs. 2249,(74% OFF),68
Men,4.1,|5.7k,"https://assets.myntassets.com/dpr_2,q_60,w_210,c_limit,fl_progressive/assets/images/21472030/2023/1/9/bdab497b-7c75-40ae-9bd9-42399b89f0e41673259827471Shirts1.jpg",HIGHLANDER,https://www.myntra.com/shirts/highlander/highlander-men-checked-casual-slim-fit-shirt/21472030/buy,Men Slim Fit Casual Shirt,Sizes: 39,Rs. 479,Rs. 1999,(76% OFF),735
Men,5,|1,"https://assets.myntassets.com/dpr_2,q_60,w_210,c_limit,fl_progressive/assets/images/29998367/2024/6/19/2bf11f16-e3f3-44da-90d6-e17f02dc6d8d1718810646951HIGHLANDERMenOpaquePrintedCasualShirt1.jpg",HIGHLANDER,https://www.myntra.com/shirts/highlander/highlander-men-plus-size-typography-printed-casual-shirt/29998367/buy,Men Plus Size Printed Shirt,Sizes: 46,Rs. 1049,Rs. 2599,(Rs. 1550 OFF),1
Men,4,|3.8k,"https://assets.myntassets.com/dpr_2,q_60,w_210,c_limit,fl_progressive/assets/images/productimage/2019/1/4/2240b4ab-c188-418e-a380-94549d65114c1546588895557-1.jpg",HIGHLANDER,https://www.myntra.com/shirts/highlander/highlander-men-blue-slim-fit-printed-casual-shirt/8375549/buy,Men Slim Fit Casual Shirt,Sizes: 44,Rs. 639,Rs. 1149,(Rs. 510 OFF),515
Men,3.9,|6.4k,"https://assets.myntassets.com/dpr_2,q_60,w_210,c_limit,fl_progressive/assets/images/15753784/2021/10/6/9d8a1a86-6023-426a-b8e7-3f760dcc33181633516932687HIGHLANDERMenMaroonSlimFitTartanChecksOpaqueCheckedCasualShi1.jpg",HIGHLANDER,https://www.myntra.com/shirts/highlander/highlander-men-maroon--beige-slim-fit-tartan-checks-opaque-cotton-casual-shirt/15753784/buy,Slim Fit Opaque Casual Shirt,Sizes: 39,Rs. 461,Rs. 1399,(67% OFF),623
Men,3.8,|21,"https://assets.myntassets.com/dpr_2,q_60,w_210,c_limit,fl_progressive/assets/images/29582666/2024/5/16/f4581eaa-74c0-4bc4-9df3-12d589d6b4c31715833754300HIGHLANDERMenOpaqueCheckedCasualShirt1.jpg",HIGHLANDER,https://www.myntra.com/shirts/highlander/highlander-textured-checked-spread-collar-curved-cotton-oversized-casual-shirt/29582666/buy,Cotton Oversized Casual Shirt,Sizes: 42,Rs. 735,Rs. 2299,(68% OFF),3
Men,4.2,|290,"https://assets.myntassets.com/dpr_2,q_60,w_210,c_limit,fl_progressive/assets/images/28086694/2024/3/7/62480a52-1240-49da-b287-7399e208ce2a1709796677440HIGHLANDERMenSlimFitTartanChecksOpaqueCheckedCasualShirt1.jpg",HIGHLANDER,https://www.myntra.com/shirts/highlander/highlander-men-slim-fit-tartan-checks-opaque-checked-casual-shirt/28086694/buy,Slim Fit Opaque Casual Shirt,Sizes: 39,Rs. 521,Rs. 1799,(71% OFF),66
Men,4,|293,"https://assets.myntassets.com/dpr_2,q_60,w_210,c_limit,fl_progressive/assets/images/20703624/2023/1/24/1c64dc7c-6b52-41b9-97b0-dcc5972699ed1674554971816HIGHLANDERMenSlimFitCheckedCasualShirt1.jpg",HIGHLANDER,https://www.myntra.com/shirts/highlander/highlander-men-slim-fit-checked-casual-shirt/20703624/buy,Men Checked Casual Shirt,Sizes: 39,Rs. 517,Rs. 1849,(72% OFF),39
Men,4.4,|77,"https://assets.myntassets.com/dpr_2,q_60,w_210,c_limit,fl_progressive/assets/images/22913598/2023/4/27/df1343eb-cdd8-42e4-b855-ac555ce6c4c51682539387786HIGHLANDERMenBlueSlimFitFadedOpaqueFadedCasualShirt1.jpg",HIGHLANDER,https://www.myntra.com/shirts/highlander/highlander-plus-size-faded-cotton-denim-shirt/22913598/buy,Plus Size Faded Cotton Shirt,Sizes: 48,Rs. 739,Rs. 2549,(71% OFF),12
Men,4.1,|4k,"https://assets.myntassets.com/dpr_2,q_60,w_210,c_limit,fl_progressive/assets/images/2041656/2019/3/15/2af990cf-2130-4921-a76e-fc785780a7b71552651215713-HIGHLANDER-Men-White-Slim-Fit-Solid-Casual-Shirt-86155265121-1.jpg",HIGHLANDER,https://www.myntra.com/shirts/highlander/highlander-men-white-slim-fit-solid-casual-shirt/2041656/buy,Men Slim Fit Casual Shirt,Sizes: 39,Rs. 538,Rs. 1099,(51% OFF),543
Men,4.1,|1.8k,"https://assets.myntassets.com/dpr_2,q_60,w_210,c_limit,fl_progressive/assets/images/15743586/2021/10/6/b37d749c-d4e4-456b-a6c2-be9eb1ba418f1633482483320HIGHLANDERMenGreenSlimFitOpaquePrintedCasualShirt1.jpg",HIGHLANDER,https://www.myntra.com/shirts/highlander/highlander-men-green-slim-fit-opaque-printed-casual-shirt/15743586/buy,Slim Fit Opaque Casual Shirt,Sizes: 40,Rs. 529,Rs. 1199,(Rs. 670 OFF),111
Men,3.9,|24.1k,"https://assets.myntassets.com/dpr_2,q_60,w_210,c_limit,fl_progressive/assets/images/6012702/2022/5/18/6488b53d-dca0-47ff-b335-1d87b17a0c451652850663939-HIGHLANDER-Men-Grey-Slim-Fit-Solid-Casual-Shirt-174165285066-1.jpg",HIGHLANDER,https://www.myntra.com/shirts/highlander/highlander-men-grey-cotton-linen-solid-slim-fit-casual-shirt/6012702/buy,Slim Fit Casual Shirt,Sizes: 39,Rs. 526,Rs. 1349,(61% OFF),3439
Men,4.3,|6,"https://assets.myntassets.com/dpr_2,q_60,w_210,c_limit,fl_progressive/assets/images/29903600/2024/6/6/6d76e233-5100-4391-832b-b4ffc96494d11717648698988HIGHLANDERMenOpaquePrintedCasualShirt1.jpg",HIGHLANDER,https://www.myntra.com/shirts/highlander/highlander-men-plus-size-printed-casual-shirt/29903600/buy,Opaque Casual Shirt,Sizes: 46,Rs. 759,Rs. 2399,(Rs. 1640 OFF),0
Men,4.2,|612,"https://assets.myntassets.com/dpr_2,q_60,w_210,c_limit,fl_progressive/assets/images/17280348/2022/2/25/fbb444cc-1a52-403b-aaac-421cb11cd5191645757197522HIGHLANDERMenWhiteSlimFitCasualShirt1.jpg",HIGHLANDER,https://www.myntra.com/shirts/highlander/highlander-men-white--fluorescent-green-colourblocked-slim-fit-cotton-casual-shirt/17280348/buy,Men Slim Fit Cotton Shirt,Sizes: 42,Rs. 506,Rs. 1299,(61% OFF),74
Men,4.1,|2.5k,"https://assets.myntassets.com/dpr_2,q_60,w_210,c_limit,fl_progressive/assets/images/9951575/2019/8/21/f2b5df1e-964d-489f-83c3-d6744169a09b1566385460171-Roadster-Men-Shirts-8441566385458601-1.jpg",Roadster,https://www.myntra.com/shirts/roadster/roadster-men-blue-regular-fit-solid-chambray-casual-sustainable-shirt/9951575/buy,Men Regular Fit Chambray Shirt,Sizes: 40,Rs. 571,Rs. 2199,(74% OFF),270
Men,4.2,|13.5k,"https://assets.myntassets.com/dpr_2,q_60,w_210,c_limit,fl_progressive/assets/images/10398211/2019/11/25/7ab8bc06-f264-45e3-82bf-7c79f02812211574658986116-Roadster-Men-Shirts-8711574658983724-1.jpg",Roadster,https://www.myntra.com/shirts/roadster/roadster-men-black-pure-cotton-sustainable-casual-shirt/10398211/buy,Men Cotton Casual Shirt,Sizes: 38,Rs. 480,Rs. 1299,(63% OFF),1636
Men,4.4,|22.6k,"https://assets.myntassets.com/dpr_2,q_60,w_210,c_limit,fl_progressive/assets/images/9951411/2019/8/5/fe1322b7-9e53-4b6e-8423-0a4f5a9e8b4b1565006161882-Roadster-Men-Shirts-8701565006159466-1.jpg",Roadster,https://www.myntra.com/shirts/roadster/roadster-men-maroon--navy-blue-checked-pure-cotton-casual-sustainable-shirt/9951411/buy,Men Cotton Casual Shirt,Sizes: 38,Rs. 591,Rs. 1599,(63% OFF),2720
Men,4.1,|3.4k,"https://assets.myntassets.com/dpr_2,q_60,w_210,c_limit,fl_progressive/assets/images/8217965/2019/3/13/bb7861f0-0d28-4921-9bdb-96753787a6a61552462191802-Roadster-Men-Black-Regular-Fit-Solid-Casual-Shirt-4261552462-1.jpg",Roadster,https://www.myntra.com/shirts/roadster/roadster-men-black-regular-fit-solid-casual-denim-shirt/8217965/buy,Men Regular Fit Denim Shirt,Sizes: 38,Rs. 571,Rs. 2599,(78% OFF),460
Men,4.3,|26.3k,"https://assets.myntassets.com/dpr_2,q_60,w_210,c_limit,fl_progressive/assets/images/8889611/2019/3/20/3eae8fb4-b7ca-4e01-80bf-d1e59ab1568d1553080254589-Roadster-Men-Black--White-Regular-Fit-Checked-Casual-Shirt-9-1.jpg",Roadster,https://www.myntra.com/shirts/roadster/roadster-men-black--white-checked-pure-cotton-casual-sustainable-shirt/8889611/buy,Men Cotton Casual Shirt,Sizes: 38,Rs. 599,Rs. 1499,(60% OFF),2899
Men,4.2,|4.3k,"https://assets.myntassets.com/dpr_2,q_60,w_210,c_limit,fl_progressive/assets/images/9951777/2019/8/19/8e563456-3060-48ab-b4fe-3058e9bb7e771566203738559-Roadster-Men-Navy-Blue--Grey-Regular-Fit-Checked-Casual-Shir-1.jpg",Roadster,https://www.myntra.com/shirts/roadster/roadster-men-navy-blue--grey-checked-casual-sustainable-shirt/9951777/buy,Men Casual Shirt,Sizes: 42,Rs. 619,Rs. 1999,(69% OFF),504
Men,4.2,|29.4k,"https://assets.myntassets.com/dpr_2,q_60,w_210,c_limit,fl_progressive/assets/images/11903990/2022/8/11/0eb842ef-797f-46ce-9727-b767802526c71660216335657-Roadster-Men-Maroon-Pure-Cotton-Sustainable-Casual-Shirt-363-1.jpg",Roadster,https://www.myntra.com/shirts/roadster/roadster-men-maroon-pure-cotton-sustainable-casual-shirt/11903990/buy,Cotton Casual Shirt,Sizes: 40,Rs. 519,Rs. 999,(48% OFF),3507
Men,4.1,|12.1k,"https://assets.myntassets.com/dpr_2,q_60,w_210,c_limit,fl_progressive/assets/images/9680385/2019/8/19/9a71effc-5ca8-4f56-94c0-2c71054102101566218377789-Roadster-Men-Shirts-8021566218376333-1.jpg",Roadster,https://www.myntra.com/shirts/roadster/roadster-men-green--navy-blue-checked-casual-sustainable-shirt/9680385/buy,Men Casual Shirt,Sizes: 40,Rs. 645,Rs. 1899,(66% OFF),1292
Men,4.2,|9k,"https://assets.myntassets.com/dpr_2,q_60,w_210,c_limit,fl_progressive/assets/images/17091614/2022/2/18/779ac019-8b8c-48f7-9c5e-b3e2fe3004b01645166457327-Men-White-Casual-Shirt-5731645166456476-1.jpg",Roadster,https://www.myntra.com/shirts/roadster/roadster-men-white-classic-regular-fit-cotton-casual-shirt/17091614/buy,Men Cotton Casual Shirt,Sizes: 40,Rs. 503,Rs. 1399,(64% OFF),1041
Men,4.2,|29.4k,"https://assets.myntassets.com/dpr_2,q_60,w_210,c_limit,fl_progressive/assets/images/15221272/2021/11/3/6ed96e57-cc9c-42f1-9fd8-9b4dc33faf1e1635928424159-Roadster-Men-Shirts-4871635928423562-1.jpg",Roadster,https://www.myntra.com/shirts/roadster/roadster-men-purple-pure-cotton--solid-opaque-sustainable-casual-shirt/15221272/buy,Men Pure Cotton Sustainable Casual Shirt,Sizes: 40,Rs. 532,Rs. 1299,(59% OFF),3515
Men,4.1,|1.2k,"https://assets.myntassets.com/dpr_2,q_60,w_210,c_limit,fl_progressive/assets/images/12918836/2021/3/24/994a6a79-7b85-4dbe-84a2-c046677ef2a71616583514063-Roadster-Men-Shirts-3671616583512910-1.jpg",Roadster,https://www.myntra.com/shirts/roadster/roadster-men-teal-blue-regular-fit-self-design-pure-cotton-casual-shirt/12918836/buy,Regular Fit Shirt,Sizes: 40,Rs. 939,Rs. 1999,(53% OFF),195
Men,4.2,|42.5k,"https://assets.myntassets.com/dpr_2,q_60,w_210,c_limit,fl_progressive/assets/images/2127876/2017/11/23/11511431472633-Roadster-Men-Black-Regular-Fit-Solid-Casual-Shirt-8801511431472500-1.jpg",Roadster,https://www.myntra.com/shirts/roadster/roadster-men-black-pure-cotton-sustainable-casual-shirt/2127876/buy,Men Cotton Casual Shirt,Sizes: 40,Rs. 579,Rs. 999,(42% OFF),5728
Men,4.2,|11.7k,"https://assets.myntassets.com/dpr_2,q_60,w_210,c_limit,fl_progressive/assets/images/8889597/2019/4/8/8dc49bf7-181d-4d8d-80d7-e624ef85e3651554718288714-Roadster-Men-Navy-Blue--Grey-Regular-Fit-Checked-Casual-Shir-1.jpg",Roadster,https://www.myntra.com/shirts/roadster/roadster-men-navy-blue--grey-checked-casual-sustainable-shirt/8889597/buy,Men Checked Casual Shirt,Sizes: 38,Rs. 674,Rs. 1499,(55% OFF),1381
Men,4.3,|12.6k,"https://assets.myntassets.com/dpr_2,q_60,w_210,c_limit,fl_progressive/assets/images/11904108/2020/7/14/869203dc-200a-4284-9d2d-a06fd5ea582d1594707585600-Roadster-Men-Shirts-1041594707583386-1.jpg",Roadster,https://www.myntra.com/shirts/roadster/roadster-men-olive-green-pure-cotton-sustainable-casual-shirt/11904108/buy,Cotton Casual Shirt,Sizes: 38,Rs. 509,Rs. 999,(49% OFF),1232
Men,4.1,|47.1k,"https://assets.myntassets.com/dpr_2,q_60,w_210,c_limit,fl_progressive/assets/images/1364628/2016/8/31/11472636737718-Roadster-Men-Blue-Regular-Fit-Printed-Casual-Shirt-6121472636737160-1.jpg",Roadster,https://www.myntra.com/shirts/roadster/roadster-men-blue-printed-casual-sustainable-shirt/1364628/buy,Printed Casual Shirt,Sizes: 38,Rs. 539,Rs. 1499,(64% OFF),5050
Men,4.2,|8.9k,"https://assets.myntassets.com/dpr_2,q_60,w_210,c_limit,fl_progressive/assets/images/10863018/2019/11/21/49f8c1fa-a4aa-45a8-960f-c5ad8eae3fde1574328384416-Roadster-Men-Navy-Blue--Pink-Regular-Fit-Checked-Casual-Shir-1.jpg",Roadster,https://www.myntra.com/shirts/roadster/roadster-men-navy-blue--magenta-pink-regular-fit-checked-casual-shirt/10863018/buy,Regular Fit Indigo Checks,Sizes: 40,Rs. 607,Rs. 1899,(68% OFF),1114
Men,4.2,|12.4k,"https://assets.myntassets.com/dpr_2,q_60,w_210,c_limit,fl_progressive/assets/images/10398123/2019/12/3/52795871-cf37-46bd-a128-8d3479c767d81575349640658-Roadster-Men-Shirts-3221575349637459-1.jpg",Roadster,https://www.myntra.com/shirts/roadster/roadster-men-white-sustainable-casual-shirt/10398123/buy,Men Casual Shirt,Sizes: 38,Rs. 506,Rs. 1299,(61% OFF),1546
Men,4.2,|2.6k,"https://assets.myntassets.com/dpr_2,q_60,w_210,c_limit,fl_progressive/assets/images/11327116/2022/7/20/06cac6df-c800-4a27-af18-ecf81bf3dbb01658314110216-Roadster-Men-Brown-Regular-Fit-Solid-Sustainable-Casual-Shir-1.jpg",Roadster,https://www.myntra.com/shirts/roadster/roadster-men-brown-regular-fit-solid-sustainable-casual-shirt/11327116/buy,Men Regular Fit Casual Shirt,Sizes: 40,Rs. 629,Rs. 1499,(58% OFF),290
Men,4,|9.5k,"https://assets.myntassets.com/dpr_2,q_60,w_210,c_limit,fl_progressive/assets/images/1358818/2021/10/1/ea6871f9-cb17-4de4-84d8-066e730743ca1633071065715-Roadster-Men-Blue-Denim-Washed-Casual-Shirt-7111633071065153-1.jpg",Roadster,https://www.myntra.com/shirts/roadster/roadster-men-blue-denim-washed-casual-sustainable-shirt/1358818/buy,Washed Casual Shirt,Sizes: 42,Rs. 584,Rs. 1499,(61% OFF),1126
Men,4.4,|7.6k,"https://assets.myntassets.com/dpr_2,q_60,w_210,c_limit,fl_progressive/assets/images/7189993/2018/9/7/1193a1f9-aad0-41fe-b81c-0b513917a2541536312572638-Roadster-Men-Blue--Grey-Regular-Fit-Checked-Casual-Shirt-442-1.jpg",Roadster,https://www.myntra.com/shirts/roadster/roadster-men-blue--grey-checked-casual-sustainable-shirt/7189993/buy,Men Regular Check Casual Shirt,Sizes: 40,Rs. 607,Rs. 1599,(62% OFF),871
Men,4.1,|463,"https://assets.myntassets.com/dpr_2,q_60,w_210,c_limit,fl_progressive/assets/images/23518066/2023/12/13/28d54f58-281e-4345-bbba-02c6d8770fbe1702443060001RARERABBITPoloCollarSlimFitCottonT-Shirt1.jpg",RARE RABBIT,https://www.myntra.com/tshirts/rare+rabbit/rare-rabbit-men-casca-polo-collar-slim-fit-cotton-t-shirt/23518066/buy,Polo Collar Cotton T-Shirt,Sizes: S,Rs. 1574,Rs. 3499,(55% OFF),49
Men,4.3,|88,"https://assets.myntassets.com/dpr_2,q_60,w_210,c_limit,fl_progressive/assets/images/24958200/2023/9/14/50c0c8de-f701-4c17-a521-ecb9c1f036731694672019676RARERABBITMenPurpleV-NeckRawEdgeSlimFitT-shirt7.jpg",RARE RABBIT,https://www.myntra.com/tshirts/rare+rabbit/rare-rabbit-men-cas-round-neck-slim-fit-cotton-t-shirt/24958200/buy,Cotton Casual T-Shirt,Sizes: M,Rs. 1889,Rs. 4199,(55% OFF),19
Men,4.3,|409,"https://assets.myntassets.com/dpr_2,q_60,w_210,c_limit,fl_progressive/assets/images/24357700/2023/8/5/07a5b0c0-58d1-4939-aeb5-5b8bd3cf39961691231422609CrazymonkUnisexLavenderPrintedPocketsT-shirt1.jpg",Crazymonk,https://www.myntra.com/tshirts/crazymonk/crazymonk-unisex-anime-printed-oversized-t-shirt/24357700/buy,Printed Cotton T-shirt,Sizes: M,Rs. 704,Rs. 1499,(53% OFF),65
Men,4.2,|64,"https://assets.myntassets.com/dpr_2,q_60,w_210,c_limit,fl_progressive/assets/images/25899798/2023/11/16/2324653f-fae2-455f-99b9-85415660e2d81700119381390AeroArmourUnisexOliveGreenT-shirt1.jpg",Aero Armour,https://www.myntra.com/tshirts/aero+armour/aero-armour-unisex-round-neck-pure-cotton-t-shirt/25899798/buy,Unisex Pure Cotton T-shirt,Sizes: S,Rs. 799,Rs. 1499,(Rs. 700 OFF),10
Men,4.4,|53,"https://assets.myntassets.com/dpr_2,q_60,w_210,c_limit,fl_progressive/assets/images/24388570/2023/8/7/8658b1f5-1909-40e8-a298-dd89fc1d25871691423146235RARERABBITMenWhiteTypographyPrintedDrop-ShoulderSleevesPocke1.jpg",RARE RABBIT,https://www.myntra.com/tshirts/rare+rabbit/rare-rabbit-men-drover-typography-printed-pure-cotton-slim-fit-t-shirt/24388570/buy,Printed Pure Cotton T-shirt,Sizes: XS,Rs. 1034,Rs. 2299,(55% OFF),12
Men,4.3,|401,"https://assets.myntassets.com/dpr_2,q_60,w_210,c_limit,fl_progressive/assets/images/22067592/2023/4/26/1ae2eb78-21e6-403a-8895-cad44bf8d8c21682504230072-HRX-by-Hrithik-Roshan-Men-Tshirts-4301682504229534-1.jpg",HRX by Hrithik Roshan,https://www.myntra.com/tshirts/hrx+by+hrithik+roshan/hrx-by-hrithik-roshan-rapid-dry-t-shirt/22067592/buy,Men Rapid-Dry T-shirt,Sizes: S,Rs. 269,Rs. 599,(55% OFF),41
Men,0,0,"https://assets.myntassets.com/dpr_2,q_60,w_210,c_limit,fl_progressive/assets/images/29626418/2024/5/18/e3b78b00-6221-4bfe-9425-59a44713f9ad1716017423832BOLLYWOOOOOUnisexTypographyPrintedBioFinishT-shirt1.jpg",BOLLYWOO.OOO,https://www.myntra.com/tshirts/bollywoo.ooo/bollywooooo-unisex-typography-bio-finish-t-shirt/29626418/buy,Unisex Typography T-shirt,Sizes: XXL,Rs. 649,Rs. 999,(35% OFF),0
Men,3.8,|125,"https://assets.myntassets.com/dpr_2,q_60,w_210,c_limit,fl_progressive/assets/images/15296818/2022/5/27/88404dee-ea31-4948-a28f-c4771033d7fe1653590728153RARERABBITMenNavyBluePocketsT-shirt1.jpg",RARE RABBIT,https://www.myntra.com/tshirts/rare+rabbit/rare-rabbit-men-rings-4-slim-fit-solid-polo-collar-t-shirt/15296818/buy,Men Pockets T-shirt,Sizes: S,Rs. 899,Rs. 1999,(55% OFF),11
Men,0,0,"https://assets.myntassets.com/dpr_2,q_60,w_210,c_limit,fl_progressive/assets/images/29443194/2024/5/9/9958bb1a-bef1-4d8c-9d81-87c0ded10f1f1715243277713DILLINGERUnisexVarsityPrintedAppliqueT-shirt1.jpg",DILLINGER,https://www.myntra.com/tshirts/dillinger/dillinger-unisex-drop-shoulder-terry-cotton-oversized-t-shirt/29443194/buy,Drop shoulder Unisex T-Shirt,Sizes: S,Rs. 741,Rs. 1399,(47% OFF),0
Men,1,|1,"https://assets.myntassets.com/dpr_2,q_60,w_210,c_limit,fl_progressive/assets/images/29594112/2024/5/16/a6c4cfbb-aa82-41ed-8c82-3bf7ea6ba8a41715863546152AeroArmourUnisexTypographyPrintedT-shirt1.jpg",Aero Armour,https://www.myntra.com/tshirts/aero+armour/aero-armour-unisex-typography-printed-cotton-t-shirt/29594112/buy,Unisex Printed T-shirt,Sizes: S,Rs. 799,Rs. 1499,(Rs. 700 OFF),1
Men,4.3,|111,"https://assets.myntassets.com/dpr_2,q_60,w_210,c_limit,fl_progressive/assets/images/23562506/2023/6/7/9fecf136-ce82-4b08-91bd-b506d9bdceb41686152285530RARERABBITMenYellowPrintedV-NeckPocketsSlimFitT-shirt1.jpg",RARE RABBIT,https://www.myntra.com/tshirts/rare+rabbit/rare-rabbit-men-otter-graphic-printed-round-neck-slim-fit-cotton-t-shirt/23562506/buy,Printed Cotton T-shirt,Sizes: XS,Rs. 1034,Rs. 2299,(55% OFF),13
Men,4.7,|10,"https://assets.myntassets.com/dpr_2,q_60,w_210,c_limit,fl_progressive/assets/images/26929570/2024/1/15/5d2bbdfd-4a65-4722-a93e-1906f921d88f1705316596176VanHeusenMenNavyBlueSlimFitTrousers1.jpg",Van Heusen,https://www.myntra.com/trousers/van+heusen/van-heusen-formal-mid-rise-slim-fit-trousers/26929570/buy,Slim Fit Trousers,Sizes: 32,Rs. 1399,Rs. 2799,(50% OFF),1
Men,4.7,|30,"https://assets.myntassets.com/dpr_2,q_60,w_210,c_limit,fl_progressive/assets/images/29386402/2024/5/21/1f5843dc-19cb-485b-8a5b-235f41847c8e1716271900644-Louis-Philippe-Men-Trousers-7901716271900165-1.jpg",Louis Philippe,https://www.myntra.com/trousers/louis+philippe/louis-philippe-men-textured-slim-fit-formal-trousers/29386402/buy,Men Slim Fit Formal Trousers,Sizes: 30,Rs. 1949,Rs. 2599,(25% OFF),8
Men,4.5,|10,"https://assets.myntassets.com/dpr_2,q_60,w_210,c_limit,fl_progressive/assets/images/28038414/2024/6/6/a3ab6e3d-563d-4a3b-96d7-089f59f342a91717665091945-Van-Heusen-Men-Trousers-8841717665091356-1.jpg",Van Heusen,https://www.myntra.com/trousers/van+heusen/van-heusen-men-checked-slim-fit-formal-trousers/28038414/buy,Men Slim Fit Formal Trousers,Sizes: 30,Rs. 1649,Rs. 2999,(45% OFF),1
Men,4.1,|12,"https://assets.myntassets.com/dpr_2,q_60,w_210,c_limit,fl_progressive/assets/images/28980710/2024/4/17/7956735c-45ff-4c1f-9f0b-234417534caa1713337825760LouisPhilippeMenTrousers1.jpg",Louis Philippe,https://www.myntra.com/trousers/louis+philippe/louis-philippe-men-regular-fit-formal-trousers/28980710/buy,Men Formal Trousers,Sizes: 32,Rs. 1649,Rs. 2199,(25% OFF),3
Men,0,0,"https://assets.myntassets.com/dpr_2,q_60,w_210,c_limit,fl_progressive/assets/images/25996758/2023/11/23/e31f4e17-dc98-4e2f-9c3f-ff62583379291700714914824LouisPhilippeMenBlackCheckedSlimFitTrousers1.jpg",Louis Philippe,https://www.myntra.com/trousers/louis+philippe/louis-philippe-men-checked-slim-fit-formal-trouser/25996758/buy,Men Slim Fit Formal Trousers,Sizes: 30,Rs. 1799,Rs. 2399,(25% OFF),1
Men,0,0,"https://assets.myntassets.com/dpr_2,q_60,w_210,c_limit,fl_progressive/assets/images/28553568/2024/5/31/d373ed72-e6ce-4e04-8c63-fc4c1bfa55ca1717159093034-Park-Avenue-Men-Trousers-421717159092437-1.jpg",Park Avenue,https://www.myntra.com/trousers/park+avenue/park-avenue-men-formal-trousers/28553568/buy,Men Formal Trousers,Sizes: 32,Rs. 989,Rs. 2199,(55% OFF),0
Men,3.9,|36,"https://assets.myntassets.com/dpr_2,q_60,w_210,c_limit,fl_progressive/assets/images/18066306/2022/4/28/e2659938-d7d5-47d2-9b9b-a7ffd415d8b51651118562925CantabilMenBlackTrousers1.jpg",Cantabil,https://www.myntra.com/trousers/cantabil/cantabil-men-black-trousers/18066306/buy,Men  Black Trousers,Sizes: 34,Rs. 624,Rs. 2499,(75% OFF),8
Men,4.4,|582,"https://assets.myntassets.com/dpr_2,q_60,w_210,c_limit,fl_progressive/assets/images/21448800/2023/2/3/1bb0bcf7-7098-41ca-bb91-612bb2adda481675419141692ShirtsLouisPhilippeMenShirtsLouisPhilippeMenShirtsLouisPhili1.jpg",Louis Philippe,https://www.myntra.com/trousers/louis+philippe/louis-philippe-men-solid-mid-rise-slim-fit-formal-trousers/21448800/buy,Men Slim Fit Formal Trousers,Sizes: 32,Rs. 1819,Rs. 2799,(35% OFF),57
Men,4.5,|157,"https://assets.myntassets.com/dpr_2,q_60,w_210,c_limit,fl_progressive/assets/images/25989646/2024/6/4/4038d5b6-f89b-4e9a-8dae-0432f9a6a22a1717503678739-Arrow-Men-Textured-Tapered-Fit-Formal-Trousers-8617175036780-1.jpg",Arrow,https://www.myntra.com/trousers/arrow/arrow-men-textured-tapered-fit-formal-trousers/25989646/buy,Men Tapered Fit Trousers,Sizes: 30,Rs. 1494,Rs. 2299,(35% OFF),10
Men,4.7,|25,"https://assets.myntassets.com/dpr_2,q_60,w_210,c_limit,fl_progressive/assets/images/28038378/2024/5/3/676e0630-383c-44fe-ac46-f96749d55a9d1714716782426-Van-Heusen-Men-Trousers-1051714716781956-1.jpg",Van Heusen,https://www.myntra.com/trousers/van+heusen/van-heusen-men-slim-fit-formal-trousers/28038378/buy,Men Slim Fit Formal Trousers,Sizes: 30,Rs. 1649,Rs. 2999,(45% OFF),4
Men,4.6,|22,"https://assets.myntassets.com/dpr_2,q_60,w_210,c_limit,fl_progressive/assets/images/25588272/2024/3/28/2763712d-f663-474f-ae2c-00672636f3ff1711620345874-RARE-RABBIT-Men-Checked-Slim-Fit-Formal-Trousers-34917116203-11.jpg",RARE RABBIT,https://www.myntra.com/trousers/rare+rabbit/rare-rabbit-men-savvet-mid-rise-checked-slim-fit-formal-trouser/25588272/buy,Men Savvet Formal Trouser,Sizes: 32,Rs. 1799,Rs. 3999,(55% OFF),3
Men,4.7,|7,"https://assets.myntassets.com/dpr_2,q_60,w_210,c_limit,fl_progressive/assets/images/28554922/2024/5/8/97de7f4d-7d90-44c7-a340-41637c4e541f1715146972774-Raymond-Men-Trousers-8961715146972137-1.jpg",Raymond,https://www.myntra.com/trousers/raymond/raymond-men-slim-fit-trousers/28554922/buy,Men Slim Fit Trousers,Sizes: 38,Rs. 1149,Rs. 2299,(50% OFF),2
Men,0,0,"https://assets.myntassets.com/dpr_2,q_60,w_210,c_limit,fl_progressive/assets/images/28092104/2024/3/7/dbf1a91c-47a8-43a1-bff8-f92a5566c13f1709794437924PeterEnglandMenSlimFitTrousers1.jpg",Peter England,https://www.myntra.com/trousers/peter+england/peter-england-men-slim-fit-trousers/28092104/buy,Men Slim Fit Trousers,Sizes: 32,Rs. 1079,Rs. 1799,(40% OFF),0
Men,4.6,|10,"https://assets.myntassets.com/dpr_2,q_60,w_210,c_limit,fl_progressive/assets/images/29476960/2024/5/31/ce13a7c1-23a2-4952-ac56-180a7ddc87161717153321530ShirtsArrowMenTrousersVanHeusenMenTrousersArrowMenTrousersVa1.jpg",Louis Philippe,https://www.myntra.com/trousers/louis+philippe/louis-philippe-men-super-slim-fit-formal-trousers/29476960/buy,Men Super Slim Fit Trousers,Sizes: 30,Rs. 1949,Rs. 2599,(25% OFF),2
Men,4,|14,"https://assets.myntassets.com/dpr_2,q_60,w_210,c_limit,fl_progressive/assets/images/29258364/2024/5/24/6d6f93db-4b55-444f-9919-a2fe815e57f31716528523873-Van-Heusen-Men-Trousers-2211716528523206-1.jpg",Van Heusen,https://www.myntra.com/trousers/van+heusen/van-heusen-men-slim-fit-formal-trousers/29258364/buy,Men Slim Fit Formal Trousers,Sizes: 30,Rs. 1429,Rs. 2599,(45% OFF),4
Men,4.5,|120,"https://assets.myntassets.com/dpr_2,q_60,w_210,c_limit,fl_progressive/assets/images/17776502/2022/7/12/197856ed-bd4f-4614-be7d-9d04acc7447d1657628595566-Sztori-Men-Trousers-7081657628594905-1.jpg",Sztori,https://www.myntra.com/trousers/sztori/sztori-men-plus-size-charcoal-grey-solid-formal-trousers/17776502/buy,Men Plus Size Formal Trousers,Sizes: 44,Rs. 1409,Rs. 2999,(53% OFF),8
Men,0,0,"https://assets.myntassets.com/dpr_2,q_60,w_210,c_limit,fl_progressive/assets/images/29386280/2024/6/5/8989e1d5-d8f6-4746-ad56-d4676d841c131717564889796-Louis-Philippe-Men-Trousers-5261717564889213-1.jpg",Louis Philippe,https://www.myntra.com/trousers/louis+philippe/louis-philippe-men-formal-trousers/29386280/buy,Men Formal Trousers,Sizes: 32,Rs. 1689,Rs. 2599,(35% OFF),0
Men,4.3,|1.2k,"https://assets.myntassets.com/dpr_2,q_60,w_210,c_limit,fl_progressive/assets/images/19854486/2022/9/9/13b34179-076a-4b51-ab51-476789ac0ae91662723942230PeterEnglandMenGreySlimFitTrousers1.jpg",Peter England,https://www.myntra.com/trousers/peter+england/peter-england-men-grey-slim-fit-trousers/19854486/buy,Men Slim Fit Trousers,Sizes: 30,Rs. 1399,Rs. 1999,(30% OFF),108
Men,0,0,"https://assets.myntassets.com/dpr_2,q_60,w_210,c_limit,fl_progressive/assets/images/29314894/2024/6/4/71308ea5-15bd-45db-a257-393d048b46ca1717503202819-Raymond-Men-Trousers-2221717503202225-1.jpg",Raymond,https://www.myntra.com/trousers/raymond/raymond-men-checked-slim-fit-formal-trousers/29314894/buy,Men Slim Fit Formal Trousers,Sizes: 32,Rs. 1209,Rs. 2199,(45% OFF),1
Men,4.9,|19,"https://assets.myntassets.com/dpr_2,q_60,w_210,c_limit,fl_progressive/assets/images/25701558/2023/10/31/ccb9122f-ecf2-4525-8ad3-931c38cd69441698752358446VanHeusenMenGreySlimFitTrousers1.jpg",Van Heusen,https://www.myntra.com/trousers/van+heusen/van-heusen-men-grey-slim-fit-trousers/25701558/buy,Men Slim Fit Trousers,Sizes: 34,Rs. 1979,Rs. 3299,(40% OFF),2
Men,4.6,|26,"https://assets.myntassets.com/dpr_2,q_60,w_210,c_limit,fl_progressive/assets/images/23407558/2023/5/26/1181ec97-e2af-4727-9ed9-98570601116a1685085245626RARERABBITMenNavyBlueSlimFitSlashKneeJeans1.jpg",RARE RABBIT,https://www.myntra.com/jeans/rare+rabbit/rare-rabbit-men-chevillon-mid-rise-slim-fit-jeans/23407558/buy,Men Slim Fit Jeans,Sizes: 30,Rs. 2474,Rs. 5499,(55% OFF),3
Men,4.2,|37,"https://assets.myntassets.com/dpr_2,q_60,w_210,c_limit,fl_progressive/assets/images/24322850/2024/3/29/b42c5964-8e94-4bac-9345-49abd491e2851711694334567-RARE-RABBIT-Men-Slim-Fit-Clean-Look-Stretchable-Jeans-471171-11.jpg",RARE RABBIT,https://www.myntra.com/jeans/rare+rabbit/rare-rabbit-men-radley-regular-fit-stretchable-jeans/24322850/buy,Men Slim Fit Jeans,Sizes: 28,Rs. 2069,Rs. 4599,(55% OFF),7
Men,3.9,|124.2k,"https://assets.myntassets.com/dpr_2,q_60,w_210,c_limit,fl_progressive/assets/images/9162839/2022/7/13/e22894f7-03cc-4ea8-8916-607d4146096d1657686472746HIGHLANDERMenBlackTaperedFitMid-RiseCleanLookStretchableJean1.jpg",HIGHLANDER,https://www.myntra.com/jeans/highlander/highlander-men-black-tapered-fit-mid-rise-clean-look-stretchable-jeans/9162839/buy,Men Tapered Fit Jeans,Sizes: 30,Rs. 649,Rs. 1299,(50% OFF),19409
Men,4.1,|727,"https://assets.myntassets.com/dpr_2,q_60,w_210,c_limit,fl_progressive/assets/images/15134842/2022/1/10/a367c85a-adfc-4b5d-b4b0-4a2fe17a42471641807724065-Mast--Harbour-Men-Beige-Carrot-Stretchable-Jeans-47716418077-1.jpg",Mast & Harbour,https://www.myntra.com/jeans/mast+%26+harbour/mast--harbour-men-beige-carrot-fit-stretchable-jeans/15134842/buy,Men Carrot Fit Jeans,Sizes: 28,Rs. 1079,Rs. 2399,(55% OFF),80
Men,3.9,|2k,"https://assets.myntassets.com/dpr_2,q_60,w_210,c_limit,fl_progressive/assets/images/13815356/2023/10/17/2e4a4960-d030-4ef8-b397-66014f28e25f1697524558480-HIGHLANDER-Men-Black-Tapered-Fit-Mid-Rise-Clean-Look-Jeans-9-1.jpg",HIGHLANDER,https://www.myntra.com/jeans/highlander/highlander-men-tapered-fit-heavy-fade-stretchable-jeans/13815356/buy,Men Tapered Fit Jeans,Sizes: 36,Rs. 639,Rs. 1649,(Rs. 1010 OFF),232
Men,3.8,|6.9k,"https://assets.myntassets.com/dpr_2,q_60,w_210,c_limit,fl_progressive/assets/images/7243639/2022/4/19/868d6eee-0649-44e4-b17b-2aa3e3b0fc9c1650366028127RoadsterMenBlackSlimFitMid-RiseCleanLookJeans1.jpg",Roadster,https://www.myntra.com/jeans/roadster/roadster-men-black-slim-fit-mid-rise-clean-look-jeans/7243639/buy,Men Slim Fit Jeans,Sizes: 30,Rs. 674,Rs. 1499,(55% OFF),837
Men,4.1,|649,"https://assets.myntassets.com/dpr_2,q_60,w_210,c_limit,fl_progressive/assets/images/22123524/2023/2/25/aa33c3b0-a647-4fd1-be0b-3e58665e6f9d1677318834525HERENOWMenBlackSmartSlimFitStretchableJeans4.jpg",HERE&NOW,https://www.myntra.com/jeans/here%26now/herenow-men-smart-slim-fit-stretchable-cotton-jeans/22123524/buy,Men Slim Fit Cotton Jeans,Sizes: 30,Rs. 699,Rs. 1599,(Rs. 900 OFF),69
Men,3.6,|462,"https://assets.myntassets.com/dpr_2,q_60,w_210,c_limit,fl_progressive/assets/images/23020310/2023/5/4/dfa2f94a-feae-473b-be82-38eb1b260e911683197533129StyliMenBlueTaperedFitJeans1.jpg",Styli,https://www.myntra.com/jeans/styli/styli-men-balloon-fit-jeans/23020310/buy,Men Balloon Fit Jeans,Sizes: 34,Rs. 1424,Rs. 1499,(5% OFF),47
Men,3.3,|1.1k,"https://assets.myntassets.com/dpr_2,q_60,w_210,c_limit,fl_progressive/assets/images/26399328/2023/12/18/4a43b853-e610-4595-86a9-f36a2471356f1702899132997-Roadster-Men-Jeans-6981702899132615-1.jpg",Roadster,https://www.myntra.com/jeans/roadster/roadster-men-skinny-fit-light-fade-stretchable-jeans/26399328/buy,Skinny Fit Jeans,Sizes: 28,Rs. 899,Rs. 2999,(70% OFF),189
Men,3.3,|16,"https://assets.myntassets.com/dpr_2,q_60,w_210,c_limit,fl_progressive/assets/images/28275424/2024/3/14/30d8f7d7-bd56-43ab-aa58-4210c05fadee1710416912062SnitchMenRelaxedFitHighlyDistressedHeavyFadeStretchableJeans1.jpg",Snitch,https://www.myntra.com/jeans/snitch/snitch-men-grey-relaxed-fit-heavy-fade-stretchable-cargo-jeans/28275424/buy,Men Relaxed Fit Cargo Jeans,Sizes: 32,Rs. 1295,Rs. 3598,(64% OFF),2
Men,4,|38,"https://assets.myntassets.com/dpr_2,q_60,w_210,c_limit,fl_progressive/assets/images/16348470/2023/2/25/9622c1b9-7d97-449b-b029-8ff2c05d14011677311597366-RARE-RABBIT-Men-Blue-Slim-Fit-Jeans-3491677311597285-7.jpg",RARE RABBIT,https://www.myntra.com/jeans/rare+rabbit/rare-rabbit-men-laurol-slim-fit-jeans/16348470/buy,Men Slim Fit Jeans,Sizes: 28,Rs. 1709,Rs. 3799,(55% OFF),5
Women,4.2,|7.2k,"https://assets.myntassets.com/dpr_2,q_60,w_210,c_limit,fl_progressive/assets/images/2314331/2023/10/20/1626e6ab-629a-4066-9deb-010dd230c9a01697799325358RoadsterWomenGreyMaroonStripedPureCottonTop1.jpg",Roadster,https://www.myntra.com/tops/roadster/roadster-women-grey--maroon-striped-pure-cotton-top/2314331/buy,Striped Pure Cotton Top,Sizes: M,Rs. 207,Rs. 799,(74% OFF),828
Women,4.2,|339,"https://assets.myntassets.com/dpr_2,q_60,w_210,c_limit,fl_progressive/assets/images/27971050/2024/4/17/37c08508-1045-4233-938f-0f3aac7db0d81713346229533HMWomenSquare-NeckJerseyTop1.jpg",H&M,https://www.myntra.com/tops/h%26m/hm-women-square-neck-jersey-top/27971050/buy,Women Square-Neck Jersey Top,Sizes: XXS,Rs.699,Rs.1899,(Rs. 1200 OFF),45
Women,3.7,|25,"https://assets.myntassets.com/dpr_2,q_60,w_210,c_limit,fl_progressive/assets/images/28449912/2024/5/7/78d233cf-ec7e-48cb-b63a-bba89033ff721715065115141-Women-Red-Boat-Neck-Long-Sleeves-Printed-Top-289171506511478-1.jpg",Chemistry,https://www.myntra.com/tops/chemistry/chemistry-boat-neck-fitted-top/28449912/buy,Boat Neck Fitted Top,Sizes: S,Rs. 359,Rs. 1199,(70% OFF),3
Women,4.1,|931,"https://assets.myntassets.com/dpr_2,q_60,w_210,c_limit,fl_progressive/assets/images/24623638/2023/8/31/8b26d756-17e5-4c15-9cf5-077494482fd11693475720856-Chemistry-Women-Tops-2151693475720517-1.jpg",Chemistry,https://www.myntra.com/tops/chemistry/chemistry-puff-sleeve-crepe-shirt-style-top/24623638/buy,Puff Sleeve Crepe Shirt Style Top,Sizes: S,Rs. 554,Rs. 1849,(70% OFF),104
Women,0,0,"https://assets.myntassets.com/dpr_2,q_60,w_210,c_limit,fl_progressive/assets/images/29700110/2024/5/22/752725f1-e9b9-42f5-a5e7-6b47bf9d774a1716360251553TrendyolCottonTankTop1.jpg",Trendyol,https://www.myntra.com/tops/trendyol/trendyol-cotton-tank-top/29700110/buy,Tank Top,Sizes: M,Rs. 809,Rs. 899,(10% OFF),0
Women,4.2,|10,"https://assets.myntassets.com/dpr_2,q_60,w_210,c_limit,fl_progressive/assets/images/21030012/2022/12/2/482524b4-4f9e-438f-a8fe-7258a6ac11851669951680829BeatnikBlackFloralPrintTop1.jpg",Beatnik,https://www.myntra.com/tops/beatnik/beatnik-black-floral-print-top/21030012/buy,Floral Print Top,Sizes: M,Rs. 599,Rs. 999,(40% OFF),4
Women,4.4,|6.7k,"https://assets.myntassets.com/dpr_2,q_60,w_210,c_limit,fl_progressive/assets/images/21470610/2023/1/9/ba62f046-2c14-478f-81e8-a1b01530719e1673260673753Long-sleevedjerseytop1.jpg",H&M,https://www.myntra.com/tops/h%26m/hm-long-sleeved-jersey-top/21470610/buy,Long-sleeved Jersey Top,Sizes: XS,Rs.699,Rs.1899,(Rs. 1200 OFF),610
Women,4.1,|634,"https://assets.myntassets.com/dpr_2,q_60,w_210,c_limit,fl_progressive/assets/images/27751360/2024/3/5/0cacbef6-7e28-49fb-a0de-b883155291f91709628637060-ANI-Women-Tops-7151709628636710-1.jpg",EVERYDAY by ANI,https://www.myntra.com/tops/everyday+by+ani/everyday-by-ani-women-printed-georgette-top/27751360/buy,Women Printed Top,Sizes: S,Rs. 593,Rs. 2199,(73% OFF),79
Women,4.1,|2.9k,"https://assets.myntassets.com/dpr_2,q_60,w_210,c_limit,fl_progressive/assets/images/21419326/2023/1/5/cbfb63ac-bab3-4f90-b04b-646952c8fdc31672891236898KIBOWomensSquareNeckOffWhiteFloralPrintSmokedTop1.jpg",Kibo,https://www.myntra.com/tops/kibo/kibo-floral-print-crepe-top/21419326/buy,Floral Print Crepe Top,Sizes: S,Rs. 524,Rs. 2099,(75% OFF),275
Women,4.4,|5,"https://assets.myntassets.com/dpr_2,q_60,w_210,c_limit,fl_progressive/assets/images/28126074/2024/6/13/509c248c-c7b5-42b1-8c3e-9b13bdd79f4d1718280913682-Roadster-Women-Tops-9191718280913292-1.jpg",Roadster,https://www.myntra.com/tops/roadster/the-roadster-life-co-tropical-printed-v-neck-pleated-detail-top/28126074/buy,Tropical Printed V-Neck Top,Sizes: XS,Rs. 467,Rs. 1199,(61% OFF),0
Women,4.3,|1.7k,"https://assets.myntassets.com/dpr_2,q_60,w_210,c_limit,fl_progressive/assets/images/27985712/2024/3/1/cfb03a9a-ea69-4950-935e-6cc85b0854931709313782400FITHUBShirtStyleTop1.jpg",FITHUB,https://www.myntra.com/tops/fithub/fithub-shirt-style-top/27985712/buy,Shirt Style Top,Sizes: S,Rs. 759,Rs. 1999,(62% OFF),198
Women,0,0,"https://assets.myntassets.com/dpr_2,q_60,w_210,c_limit,fl_progressive/assets/images/22546720/2023/3/29/439d4378-69e5-4719-8717-2b3281c939781680030866954BeatnikWomenNavyBlueFloralOpaquePrintedCasualShirt1.jpg",Beatnik,https://www.myntra.com/tops/beatnik/beatnik-conversational-printed-puffed-sleeves-cotton-shirt-style-top/22546720/buy,Cotton Shirt Style Top,Sizes: S,Rs. 1019,Rs. 1699,(40% OFF),0
Women,4.1,|461,"https://assets.myntassets.com/dpr_2,q_60,w_210,c_limit,fl_progressive/assets/images/27444018/2024/3/23/abd46d27-4775-411b-b3e4-37d2fdf5b6e11711174676396-Azira-Floral-Print-Mandarin-Collar-Puff-Sleeve-Cotton-Peplum-11.jpg",Azira,https://www.myntra.com/tops/azira/azira-floral-print-mandarin-collar-puff-sleeve-cotton-peplum-top/27444018/buy,Floral Print Peplum Top,Sizes: XS,Rs. 699,Rs. 1899,(Rs. 1200 OFF),62
Women,4.1,|500,"https://assets.myntassets.com/dpr_2,q_60,w_210,c_limit,fl_progressive/assets/images/28090622/2024/3/7/01201be8-6327-44e4-90d2-25431cb0f7e51709805830993SlenorFloralPrintGeorgettePeplumTop1.jpg",Slenor,https://www.myntra.com/tops/slenor/slenor-floral-print-georgette-peplum-top/28090622/buy,Floral Print Georgette Peplum Top,Sizes: M,Rs. 479,Rs. 1199,(60% OFF),79
Women,4.2,|19,"https://assets.myntassets.com/dpr_2,q_60,w_210,c_limit,fl_progressive/assets/images/28141034/2024/3/9/15fdc319-d131-42ab-9aed-c81beca5398f1709984790719NyaroGeometricPrintTop1.jpg",Nyaro,https://www.myntra.com/tops/nyaro/nyaro-v-neck-geometric-print-top/28141034/buy,Geometric Print Top,Sizes: S,Rs. 1199,Rs. 2399,(50% OFF),2
Women,4.1,|3.4k,"https://assets.myntassets.com/dpr_2,q_60,w_210,c_limit,fl_progressive/assets/images/27818510/2024/2/23/bb0531fc-c70a-409b-8ab2-b6b8b4e0fb481708706090769allaboutyouPrintStyledBackTop1.jpg",all about you,https://www.myntra.com/tops/all+about+you/all-about-you-print-styled-back-top/27818510/buy,Print Styled Back Top,Sizes: XS,Rs. 594,Rs. 1699,(65% OFF),288
Women,4.2,|1.6k,"https://assets.myntassets.com/dpr_2,q_60,w_210,c_limit,fl_progressive/assets/images/18346356/2022/6/24/abee4447-f3cb-4bf9-a6ad-a6d4405516341656069970626-plusS-Women-Tops-6851656069970130-1.jpg",plusS,https://www.myntra.com/tops/pluss/pluss-black-floral-volume-play-top/18346356/buy,Floral Volume Play Top,Sizes: M,Rs. 399,Rs. 1999,(80% OFF),147
Women,4,|6k,"https://assets.myntassets.com/dpr_2,q_60,w_210,c_limit,fl_progressive/assets/images/21230046/2022/12/17/56f279bd-3cf3-4b6b-a3ce-3c6f25624a651671278421829KiboWomensCrepeFloralPrintTieKnotLongSleeveTop1.jpg",Kibo,https://www.myntra.com/tops/kibo/kibo-floral-print-crepe-top/21230046/buy,Floral Print Crepe Top,Sizes: S,Rs. 503,Rs. 2099,(76% OFF),644
Women,3.6,|1.4k,"https://assets.myntassets.com/dpr_2,q_60,w_210,c_limit,fl_progressive/assets/images/25970768/2023/11/21/864f2ee1-09a6-402d-8bae-14e64ef8c9161700573359400AAHWANWhiteFloralEmbroideredBohemianCottonTankCropTop1.jpg",AAHWAN,https://www.myntra.com/tops/aahwan/aahwan-floral-embroidered-cotton-tank-crop-top/25970768/buy,Cotton Tank Crop Top,Sizes: M,Rs. 499,Rs. 1999,(75% OFF),151
Women,4.3,|1.7k,"https://assets.myntassets.com/dpr_2,q_60,w_210,c_limit,fl_progressive/assets/images/24956614/2023/9/14/fe3f571c-59b2-433b-ac48-9ab46653a2011694676664817SASSAFRASBlackTop1.jpg",SASSAFRAS,https://www.myntra.com/tops/sassafras/sassafras-black-ribbed-square-neck-fitted-top/24956614/buy,Ribbed Square Neck Fitted Top,Sizes: S,Rs. 636,Rs. 1299,(51% OFF),187
Women,0,0,"https://assets.myntassets.com/dpr_2,q_60,w_210,c_limit,fl_progressive/assets/images/22546750/2023/3/29/0d0116e6-ce79-45b4-87e2-59a86292c3f21680030885865BeatnikPoplinPuffSleevesPrintedMaroonWomenShirt1.jpg",Beatnik,https://www.myntra.com/tops/beatnik/beatnik-conversational-printed-puffed-sleeves-cotton-shirt-style-top/22546750/buy,Cotton Shirt Style Top,Sizes: S,Rs. 1019,Rs. 1699,(40% OFF),0
Women,0,0,"https://assets.myntassets.com/dpr_2,q_60,w_210,c_limit,fl_progressive/assets/images/29741126/2024/5/25/42b738f4-69ca-4aa6-a06e-69fd141aac051716617500480FameForeverbyLifestylePrintExtendedSleevesCottonTop1.jpg",Fame Forever by Lifestyle,https://www.myntra.com/tops/fame+forever+by+lifestyle/fame-forever-by-lifestyle-graphic-printed-extended-sleeves-cotton-top/29741126/buy,Extended Sleeves Cotton Top,Sizes: XS,Rs. 339,Rs. 399,(15% OFF),0
Women,4.2,|339,"https://assets.myntassets.com/dpr_2,q_60,w_210,c_limit,fl_progressive/assets/images/28176668/2024/3/11/1fe15b44-624a-4d28-9378-afd44ccfc2d81710141801261Square-neckjerseytop1.jpg",H&M,https://www.myntra.com/tops/h%26m/hm-square-neck-jersey-top/28176668/buy,Square-Neck Jersey Top,Sizes: M,Rs. 699,Rs.1899,(70% OFF),42
Women,4.1,|2.8k,"https://assets.myntassets.com/dpr_2,q_60,w_210,c_limit,fl_progressive/assets/images/25141148/2023/9/25/0e6ccf54-83d1-4473-86d1-7d5232d3d8021695614015476KiboPurpleFloralPrintPuffSleeveCrepeTop1.jpg",Kibo,https://www.myntra.com/tops/kibo/kibo-abstract-print-smocking-puff-sleeve-peplum-top/25141148/buy,Puff Sleeve Peplum Top,Sizes: S,Rs. 503,Rs. 2099,(76% OFF),264
Women,3.9,|400,"https://assets.myntassets.com/dpr_2,q_60,w_210,c_limit,fl_progressive/assets/images/26028706/2023/12/4/9a8020ac-daa8-4274-97a8-2bdd07d6589c1701681057551SlyckOffWhiteFloralPrintTop1.jpg",Stylecast X Slyck,https://www.myntra.com/tops/stylecast+x+slyck/stylecast-x-slyck-floral-printed-v-neck-top/26028706/buy,Floral Printed V-Neck Top,Sizes: XS,Rs. 399,Rs. 1049,(Rs. 650 OFF),62
Women,4.1,|936,"https://assets.myntassets.com/dpr_2,q_60,w_210,c_limit,fl_progressive/assets/images/24623648/2023/8/31/c107100c-ac7a-4f76-bedf-df3b077f37ee1693475742117-Chemistry-Women-Tops-3801693475741792-1.jpg",Chemistry,https://www.myntra.com/tops/chemistry/chemistry-puff-sleeve-crepe-shirt-style-top/24623648/buy,Puff Sleeve Crepe Shirt Style Top,Sizes: M,Rs. 554,Rs. 1849,(70% OFF),106
Women,0,0,"https://assets.myntassets.com/dpr_2,q_60,w_210,c_limit,fl_progressive/assets/images/22546718/2023/3/29/32c92795-dc65-492f-97a9-2666d753e1641680030875183BeatnikWomenPurpleOpaqueCasualShirt1.jpg",Beatnik,https://www.myntra.com/tops/beatnik/beatnik-mandarin-collar-cuffed-sleeves-cotton-shirt-style-top/22546718/buy,Cotton Shirt Style Top,Sizes: M,Rs.699,Rs. 1899,(70% OFF),0
Women,4.1,|2.9k,"https://assets.myntassets.com/dpr_2,q_60,w_210,c_limit,fl_progressive/assets/images/21419334/2023/1/5/c2cbd598-9a7d-4582-81cb-660be71c89ce1672891249303KIBOWomensSquareNeckRedFloralPrintSmokedTop1.jpg",Kibo,https://www.myntra.com/tops/kibo/kibo-floral-print-crepe-cinched-waist-top/21419334/buy,Floral Print Crepe Top,Sizes: L,Rs. 440,Rs. 2099,(79% OFF),277
Women,4.2,|3.6k,"https://assets.myntassets.com/dpr_2,q_60,w_210,c_limit,fl_progressive/assets/images/6869795/2019/3/26/1d2c539a-f9fd-4101-ba3f-29160b0ef59f1553606806149-Roadster-Women-Tshirts-9491553606805382-1.jpg",Roadster,https://www.myntra.com/tops/roadster/roadster-black-solid-pure-cotton-top-with-lace-detail/6869795/buy,Solid Pure Cotton Top with Lace Detail,Sizes: XS,Rs. 278,Rs. 899,(69% OFF),463
Women,4.2,|5,"https://assets.myntassets.com/dpr_2,q_60,w_210,c_limit,fl_progressive/assets/images/28208514/2024/3/12/ec85a0cd-c930-4e53-b43c-5f7f7bd11e0f1710234403645FableStreetFloralPrintTop1.jpg",FableStreet,https://www.myntra.com/tops/fablestreet/fablestreet-floral-printed-v-neck-regular-top/28208514/buy,Floral Printed Regular Top,Sizes: S,Rs. 1456,Rs. 1995,(27% OFF),0
Women,4.3,|887,"https://assets.myntassets.com/dpr_2,q_60,w_210,c_limit,fl_progressive/assets/images/26028274/2023/12/4/f55ce62d-a65f-4b64-94e7-8a4b19c419851701679871672SlyckPinkOff-ShoulderTop1.jpg",Stylecast X Slyck,https://www.myntra.com/tops/stylecast+x+slyck/stylecast-x-slyck-self-design-strapless-tube-top/26028274/buy,Self Design Tube Top,Sizes: XS,Rs. 499,Rs. 999,(50% OFF),158
Women,4.1,|1.8k,"https://assets.myntassets.com/dpr_2,q_60,w_210,c_limit,fl_progressive/assets/images/22408086/2023/3/18/844fe092-1e76-437c-9375-6c2450162f6e1679100197047SASSAFRASGreenPrintTropicalChiffonTop1.jpg",SASSAFRAS,https://www.myntra.com/tops/sassafras/sassafras-tropical-print-top/22408086/buy,Tropical Print Top,Sizes: XL,Rs. 559,Rs. 1399,(60% OFF),165
Women,3.5,|20,"https://assets.myntassets.com/dpr_2,q_60,w_210,c_limit,fl_progressive/assets/images/25493574/2023/10/16/4d9fae1c-bb44-4ffa-9776-ff0722bb40751697453980032KALINIOliveGreenPrintGeorgetteTop1.jpg",KALINI,https://www.myntra.com/tops/kalini/kalini-floral-printed-georgette-top/25493574/buy,Floral Printed Georgette Top,Sizes: XS,Rs. 699,Rs. 2499,(72% OFF),1
Women,4.3,|1.1k,"https://assets.myntassets.com/dpr_2,q_60,w_210,c_limit,fl_progressive/assets/images/25685654/2023/10/30/c49dfada-18a5-4189-b080-f4e946d67d1a1698669606431COTLANDFASHIONPinkGeometricPrintCottonTop1.jpg",COTLAND FASHION,https://www.myntra.com/tops/cotland+fashion/cotland-fashion-geometric-printed-cotton-peplum-top/25685654/buy,Printed Cotton Peplum Top,Sizes: XS,Rs. 474,Rs. 1899,(75% OFF),159
Women,4.3,|1.4k,"https://assets.myntassets.com/dpr_2,q_60,w_210,c_limit,fl_progressive/assets/images/26790080/2024/1/5/f02f7b93-757f-4414-b309-549de59386721704448752663HMCollaredCroppedTop1.jpg",H&M,https://www.myntra.com/tops/h%26m/hm-collared-cropped-top/26790080/buy,Collared Cropped Top,Sizes: XL,Rs. 559,Rs. 699,(20% OFF),166
Women,4.2,|37,"https://assets.myntassets.com/dpr_2,q_60,w_210,c_limit,fl_progressive/assets/images/25032686/2023/9/18/c75375ac-8e09-4ae1-8c56-159dc3a39b101695032270490ONLYWomenMulticolouredFloralOpaquePrintedCasualShirt1.jpg",ONLY,https://www.myntra.com/tops/only/only-onlmanon-floral-printed-shirt-style-top/25032686/buy,Printed Shirt Style Top,Sizes: S,Rs. 1124,Rs. 2499,(55% OFF),3
Women,0,0,"https://assets.myntassets.com/dpr_2,q_60,w_210,c_limit,fl_progressive/assets/images/29741124/2024/5/24/8a1a611b-02e1-4d59-ba78-ffb5583538181716550185644FameForeverbyLifestylePrintShirtStyleTop1.jpg",Fame Forever by Lifestyle,https://www.myntra.com/tops/fame+forever+by+lifestyle/fame-forever-by-lifestyle-print-shirt-style-top/29741124/buy,Print Shirt Style Top,Sizes: XL,Rs.699,Rs. 1899,(70% OFF),1
Women,4,|489,"https://assets.myntassets.com/dpr_2,q_60,w_210,c_limit,fl_progressive/assets/images/26488510/2023/12/18/25171536-0175-4a89-83e2-ecad6325529f1702900176166TokyoTalkiesOffWhiteTop1.jpg",Tokyo Talkies,https://www.myntra.com/tops/tokyo+talkies/tokyo-talkies-off-white-v-neck-fitted-top/26488510/buy,V Neck Fitted Top,Sizes: XS,Rs. 388,Rs. 1049,(63% OFF),65
Women,4.1,|49,"https://assets.myntassets.com/dpr_2,q_60,w_210,c_limit,fl_progressive/assets/images/24907960/2023/9/11/c5c7c76a-174a-4f4e-8569-07749e7814d21694415121520JUNEHARRYGreyBellSleeveSatinTop1.jpg",JUNE & HARRY,https://www.myntra.com/tops/june+%26+harry/june--harry-v-neck-bell-sleeve-tie-up--ruffled-satin-empire-top/24907960/buy,Bell Sleeve Satin Empire Top,Sizes: XS,Rs. 747,Rs. 2199,(66% OFF),8
Women,3.4,|62,"https://assets.myntassets.com/dpr_2,q_60,w_210,c_limit,fl_progressive/assets/images/27190542/2024/1/25/c9b859cb-b5b5-41d4-8f97-2811f41782681706182157241StylecastXSlyckStripedTop1.jpg",Stylecast X Slyck,https://www.myntra.com/tops/stylecast+x+slyck/stylecast-x-slyck-striped-fitted-top/27190542/buy,Striped Fitted Top,Sizes: L,Rs. 555,Rs. 1049,(47% OFF),13
Women,4.3,|259,"https://assets.myntassets.com/dpr_2,q_60,w_210,c_limit,fl_progressive/assets/images/21982480/2023/3/3/03d0d31e-7c02-4ae2-a082-7a756690fe551677843310442-HERENOW-Women-Kurtis-2791677843309923-1.jpg",HERE&NOW,https://www.myntra.com/kurtis/here%26now/herenow-ethnic-motifs-print-pleated-kurti/21982480/buy,Ethnic Motifs Print Kurti,Sizes: M,Rs. 428,Rs. 1299,(67% OFF),32
Women,4.1,|757,"https://assets.myntassets.com/dpr_2,q_60,w_210,c_limit,fl_progressive/assets/images/24035474/2023/8/7/33f494bf-39a0-499e-b86c-cf008706dce61691391098206-Womens-Pink--Red-Ethnic-Motif-Print-Kurti-8271691391097757-1.jpg",HERE&NOW,https://www.myntra.com/kurtis/here%26now/herenow-floral-printed-pure-cotton-straight-kurti/24035474/buy,Floral Printed Kurti,Sizes: M,Rs. 459,Rs. 999,(54% OFF),94
Women,3.9,|2.6k,"https://assets.myntassets.com/dpr_2,q_60,w_210,c_limit,fl_progressive/assets/images/15887156/2022/8/26/9f1163cc-c65c-4edd-af60-88b08b329a701661518339153HERENOWGreyWhiteEthnicMotifsPrintPureCottonKurti1.jpg",HERE&NOW,https://www.myntra.com/kurtis/here%26now/herenow-grey--white-ethnic-motifs-print-pure-cotton-kurti/15887156/buy,Ethnic Motifs Cotton Kurti,Sizes: XS,Rs. 449,Rs. 999,(55% OFF),223
Women,4.1,|401,"https://assets.myntassets.com/dpr_2,q_60,w_210,c_limit,fl_progressive/assets/images/25183850/2023/9/25/7b7d35d7-dced-4c97-a1ef-032e1c586a271695633347372HERENOWMustardYellowEmbroideredChikankariChikankariKurti1.jpg",HERE&NOW,https://www.myntra.com/kurtis/here%26now/herenow-embroidered-chikankari-georgette-kurti/25183850/buy,Chikankari Georgette Kurti,Sizes: M,Rs. 598,Rs. 2139,(72% OFF),64
Women,4.2,|1.6k,"https://assets.myntassets.com/dpr_2,q_60,w_210,c_limit,fl_progressive/assets/images/15898818/2022/8/26/72ff26f3-3923-41a5-8c06-0f07ee214f491661518338051HERENOWWomenRedPintuxDetailKurti1.jpg",HERE&NOW,https://www.myntra.com/kurtis/here%26now/herenow-women-red-pintux-detail-kurti/15898818/buy,Women Solid Kurti,Sizes: XS,Rs. 549,Rs. 1099,(50% OFF),141
Women,4.2,|1.6k,"https://assets.myntassets.com/dpr_2,q_60,w_210,c_limit,fl_progressive/assets/images/18226102/2022/5/18/a4b05edb-36d0-467a-8b63-87b1d2a414561652870101106-HERENOW-Women-Kurtis-2461652870100596-1.jpg",HERE&NOW,https://www.myntra.com/kurtis/here%26now/herenow-women-blue--orange-ethnic-motifs-printed-kurti/18226102/buy,Ethnic Motifs Printed Kurti,Sizes: L,Rs. 545,Rs. 1299,(58% OFF),141
Women,4.1,|351,"https://assets.myntassets.com/dpr_2,q_60,w_210,c_limit,fl_progressive/assets/images/23162820/2023/5/13/69cf4ede-ab67-45a3-8908-dc819cc2c95e1683960328549Kurtis1.jpg",HERE&NOW,https://www.myntra.com/kurtis/here%26now/herenow-beige--pink-sand-floral-printed-kurti/23162820/buy,Floral Printed Kurti,Sizes: S,Rs. 499,Rs. 999,(50% OFF),40
Women,4.2,|609,"https://assets.myntassets.com/dpr_2,q_60,w_210,c_limit,fl_progressive/assets/images/18238638/2022/8/24/79814421-d5f8-401d-b6e4-b18eb62928031661322627516-HERENOW-Women-Kurtis-9881661322627020-1.jpg",HERE&NOW,https://www.myntra.com/kurtis/here%26now/herenow-violet--white-ethnic-motifs-printed-pure-cotton-kurti/18238638/buy,Ethnic Motifs Printed Kurti,Sizes: S,Rs. 549,Rs. 1099,(50% OFF),52
Women,0,0,"https://assets.myntassets.com/dpr_2,q_60,w_210,c_limit,fl_progressive/assets/images/28671832/2024/4/4/4cb08812-cf3c-4de2-8705-4af9ff5ef0431712210364779Kurtis1.jpg",HERE&NOW,https://www.myntra.com/kurtis/here%26now/herenow-floral-printed-v-neck-pure-cotton-anarkali-kurti/28671832/buy,Printed Anarkali Kurti,Sizes: S,Rs. 769,Rs. 2199,(65% OFF),0
Women,4.2,|1.6k,"https://assets.myntassets.com/dpr_2,q_60,w_210,c_limit,fl_progressive/assets/images/15898814/2023/9/15/b91222f3-325f-4906-b047-7a08e82de6ee1694770661769HERENOWWomenGreenSelf-StripedPureCottonKurti1.jpg",HERE&NOW,https://www.myntra.com/kurtis/here%26now/herenow-women-green-self-striped-kurti/15898814/buy,Self-Striped Kurti,Sizes: S,Rs. 549,Rs. 1099,(50% OFF),140
Women,4.1,|35,"https://assets.myntassets.com/dpr_2,q_60,w_210,c_limit,fl_progressive/assets/images/22651166/2023/4/5/13984a46-d08c-4d7a-884f-a66ba0e0581c1680659011004Kurtis1.jpg",HERE&NOW,https://www.myntra.com/kurtis/here%26now/herenow-navy-blue--grey-chevron-printed-v-neck-angrakha-a-line-kurti/22651166/buy,Printed Angrakha A-Line Kurti,Sizes: S,Rs. 630,Rs. 1545,(Rs. 915 OFF),4
Women,4.5,|15,"https://assets.myntassets.com/dpr_2,q_60,w_210,c_limit,fl_progressive/assets/images/26616522/2024/3/28/03d7086d-f452-4438-9e2c-1b5af8fbe6421711609876716-HERENOW-Women-Kurtis-2041711609876232-1.jpg",HERE&NOW,https://www.myntra.com/kurtis/here%26now/herenow-pom-pom-lace-insert-pleated-ethnic-motifs-printed-kurti/26616522/buy,Ethnic Motifs Printed Kurti,Sizes: M,Rs. 719,Rs. 1799,(60% OFF),3
Women,0,0,"https://assets.myntassets.com/dpr_2,q_60,w_210,c_limit,fl_progressive/assets/images/29846439/2024/5/29/ea3b41ca-c8fb-4494-8348-a2a86d8470f11716995277509EthnicWomensWovenDesignBanarasiDuppata1.jpg",CARTYSHOP,https://www.myntra.com/dupatta/cartyshop/cartyshop-ethnic-motifs-woven-design-dupatta-with-zari/29846439/buy,Woven Design Dupatta with Zari,Sizes: Onesize,Rs. 599,Rs. 999,(40% OFF),0
Women,0,0,"https://assets.myntassets.com/dpr_2,q_60,w_210,c_limit,fl_progressive/assets/images/29975133/2024/6/15/c34a3dc2-a9f7-4c87-9c50-b4798cd71d8c1718453936490RANGMANCHBYPANTALOONSWomenEmbroideredKeyholeNeckThreadWorkKu1.jpg",RANGMANCH BY PANTALOONS,https://www.myntra.com/kurtas/rangmanch+by+pantaloons/rangmanch-by-pantaloons-round-neck-embroidered-thread-work-kurta/29975133/buy,Embroidered Thread Work Kurta,Sizes: L,Rs. 655,Rs. 799,(18% OFF),0
Women,4.2,|1.4k,"https://assets.myntassets.com/dpr_2,q_60,w_210,c_limit,fl_progressive/assets/images/27882354/2024/2/27/bb57a7bc-9895-4585-b46a-332fbeee2e091709014684727WomenEmbellishedEmbroideredTopandSkirt1.jpg",Inddus,https://www.myntra.com/co-ords/inddus/inddus-embroidered-top-with-skirt-/27882354/buy,Embroidered Top With Skirt,Sizes: S,Rs. 2309,Rs. 6599,(65% OFF),212
Women,3.6,|5,"https://assets.myntassets.com/dpr_2,q_60,w_210,c_limit,fl_progressive/assets/images/29906923/2024/6/6/6f5df934-9d95-475c-9e00-d276ad1aad001717666881785MelangebyLifestyleWomenBlueKurti1.jpg",Melange by Lifestyle,https://www.myntra.com/kurtis/melange+by+lifestyle/melange-by-lifestyle-floral-printed-kurti/29906923/buy,Floral Printed Kurti,Sizes: XS,Rs. 449,Rs. 499,(10% OFF),1
Women,4.5,|2.4k,"https://assets.myntassets.com/dpr_2,q_60,w_210,c_limit,fl_progressive/assets/images/21898296/2024/1/23/c2ca1aff-52e1-4412-ad4d-81397f3a476e1706008202863-Soch-Sleeveless-Saree-Blouse-6421706008202765-5.jpg",Soch,https://www.myntra.com/saree-blouse/soch/soch-sleeveless-saree-blouse/21898296/buy,Sleeveless Saree Blouse,Sizes: S,Rs. 798,Rs. 998,(20% OFF),321
Women,4.1,|94,"https://assets.myntassets.com/dpr_2,q_60,w_210,c_limit,fl_progressive/assets/images/25446026/2023/10/11/9c8e406f-925d-47ef-b347-13eebb00aad81697023270595WomenFloralSequinsEmbroideredFitandFlareMaxiDress1.jpg",Inddus,https://www.myntra.com/ethnic-dresses/inddus/inddus-floral-embroidered-sequinned-georgette-fit--flare-maxi-ethnic-dress/25446026/buy,Fit & Flare Maxi Ethnic Dress,Sizes: XS,Rs. 1859,Rs. 6199,(70% OFF),11
Women,4.4,|906,"https://assets.myntassets.com/dpr_2,q_60,w_210,c_limit,fl_progressive/assets/images/17044786/2022/3/2/eb147d80-6963-4c8e-8c0e-084bca048d2a1646222839095-Studio-Shringaar-Women-Dupatta-1651646222838666-1.jpg",Studio Shringaar,https://www.myntra.com/dupatta/studio+shringaar/studio-shringaar-gold-toned-embroidered-dupatta/17044786/buy,Embroidered Dupatta,Sizes: Onesize,Rs. 399,Rs. 699,(Rs. 300 OFF),75
Women,4.1,|454,"https://assets.myntassets.com/dpr_2,q_60,w_210,c_limit,fl_progressive/assets/images/23593376/2023/6/10/e4e9aacb-2378-4004-b5bc-9597b229bee21686396403771Sarees4.jpg",Sangria,https://www.myntra.com/sarees/sangria/sangria-charcoal--pink-floral-printed-satin-saree/23593376/buy,Floral Printed Satin Saree,Sizes: Onesize,Rs. 999,Rs. 4999,(80% OFF),60
Women,4.3,|338,"https://assets.myntassets.com/dpr_2,q_60,w_210,c_limit,fl_progressive/assets/images/24451776/2023/8/11/08ab00f1-bb03-406c-b0f0-e7aa52bc30a41691746240979WomenSolidMaxiDresswithFloralThreadEmbroideredJacket1.jpg",Inddus,https://www.myntra.com/ethnic-dresses/inddus/inddus-a-line-maxi-ethnic-dress-with-jacket/24451776/buy,A-line Maxi Ethnic Dress,Sizes: XS,Rs. 2904,Rs. 8299,(65% OFF),61
Women,4.4,|399,"https://assets.myntassets.com/dpr_2,q_60,w_210,c_limit,fl_progressive/assets/images/19798068/2022/9/5/9341b21e-2b04-4e6c-b423-36a3cafacce71662369460228ShaebySASSAFRASYellowGreenPrintedReadytoWearLehenga1.jpg",Shae by SASSAFRAS,https://www.myntra.com/lehenga-choli/shae+by+sassafras/shae-by-sassafras-women-chanderi-printed-lehenga--crop-top/19798068/buy,Chanderi Lehenga & Crop Top,Sizes: S,Rs. 1439,Rs. 4499,(68% OFF),57
Women,4.5,|1.3k,"https://assets.myntassets.com/dpr_2,q_60,w_210,c_limit,fl_progressive/assets/images/20195798/2022/9/28/aeefabf3-b813-4639-b15b-09f66735ed341664353735023DupattaBazaarWhiteEthnicMotifsEmbroideredDupattawithThreadWo1.jpg",Dupatta Bazaar,https://www.myntra.com/dupatta/dupatta+bazaar/dupatta-bazaar-embroidered-chiffon-dupatta-/20195798/buy,Embroidered Chiffon Dupatta,Sizes: Onesize,Rs. 440,Rs. 899,(51% OFF),120
Women,4,|503,"https://assets.myntassets.com/dpr_2,q_60,w_210,c_limit,fl_progressive/assets/images/24451748/2024/5/7/c509db43-f979-4ac4-941e-e954d93714fc1715075141494-Inddus-Magenta-Floral-Embroidered-Straight-Kurti--Sharara-Wi-11.jpg",Inddus,https://www.myntra.com/kurta-sets/inddus/inddus-magenta-floral-embroidered-straight-kurti--sharara-with-dupatta/24451748/buy,Embroidered Kurta Set,Sizes: XS,Rs. 2759,Rs. 9199,(70% OFF),81
Women,4.2,|6k,"https://assets.myntassets.com/dpr_2,q_60,w_210,c_limit,fl_progressive/assets/images/24896724/2023/9/9/8bf66e2c-eb85-40c9-9421-8cf3d6830bff1694258147352SangriaPurpleSilkBlendZariSequenceEmbroideryTopWithPalazzoAn7.jpg",Sangria,https://www.myntra.com/kurta-sets/sangria/sangria-ethnic-motifs-embroidered-anarkali-kurta-with-palazzo--dupatta-set/24896724/buy,Embroidered Anarkali Kurta Set,Sizes: L,Rs. 1623,Rs. 5599,(71% OFF),900
Women,4.1,|1.8k,"https://assets.myntassets.com/dpr_2,q_60,w_210,c_limit,fl_progressive/assets/images/17116258/2022/2/10/9c023e01-cf93-49e4-9e96-d1fc4d341b8b1644483275914NayoWomenOffWhitePrinted1.jpg",Nayo,https://www.myntra.com/tunics/nayo/nayo-off-white--blue-printed-tunic/17116258/buy,Printed Tunic,Sizes: M,Rs. 662,Rs. 1299,(49% OFF),147
Women,4.2,|499,"https://assets.myntassets.com/dpr_2,q_60,w_210,c_limit,fl_progressive/assets/images/27770784/2024/2/22/bc635c27-08b6-40dc-94e0-d9299b68bd741708582696527WomenFloralSequinsandEmbroideredTieredMaxiDress1.jpg",Inddus,https://www.myntra.com/ethnic-dresses/inddus/inddus-sequins-and-embroidered-tiered-maxi-dress/27770784/buy,Embroidered Tiered Maxi Dress,Sizes: XS,Rs. 2735,Rs. 7599,(64% OFF),83
Women,4.8,|48,"https://assets.myntassets.com/dpr_2,q_60,w_210,c_limit,fl_progressive/assets/images/24539714/2023/8/18/7cdca1a4-6a84-4491-ab3c-bfa9fb6379b01692348221796ESSTAPEWomensFull-ZipHoodie1.jpg",Puma,https://www.myntra.com/jackets/puma/puma-women-ess-tape-full-zip-with-logo-printed-hooded-sporty-jacket/24539714/buy,Ess Tape Hooded Sporty Jacket,Sizes: XS,Rs. 1799,Rs. 4499,(60% OFF),8
Women,4.4,|81,"https://assets.myntassets.com/dpr_2,q_60,w_210,c_limit,fl_progressive/assets/images/19540790/2023/10/13/05763d2a-5998-4ecd-9adf-a078927739231697190050643-MANGO-Women-Pure-Cotton-Washed-Denim-Jacket-51697190050158-1.jpg",MANGO,https://www.myntra.com/jackets/mango/mango-washed-cotton-denim-jacket/19540790/buy,Washed Denim Jacket,Sizes: S,Rs. 1596,Rs. 3990,(60% OFF),16
Women,2.3,|15,"https://assets.myntassets.com/dpr_2,q_60,w_210,c_limit,fl_progressive/assets/images/25269046/2023/9/30/f7902f81-b248-4490-83e0-ff765387cee01696043939040Rhe-AnaWomenWhiteSmartFloralOpaquePrintedFormalShirt1.jpg",Rhe-Ana,https://www.myntra.com/jackets/rhe-ana/rhe-ana-floral-printed-lapel-collar-open-front-jacket/25269046/buy,Lapel Collar Open Front Jacket,Sizes: L,Rs. 1599,Rs. 3199,(50% OFF),1
Women,4.1,|96,"https://assets.myntassets.com/dpr_2,q_60,w_210,c_limit,fl_progressive/assets/images/19527204/2022/9/1/137082dc-90ed-4706-9f2d-dfb7882db5f01662015962289EssentialsFull-ZipRegularFitWomensHoodie1.jpg",Puma,https://www.myntra.com/jackets/puma/puma-women-black-brand-logo-outdoor-essentials-full-zip-regular-fit-bomber-sustainable-jacket/19527204/buy,Women Outdoor Bomber Sustainable Jacket,Sizes: XS,Rs. 1924,Rs. 3499,(45% OFF),9
Women,0,0,"https://assets.myntassets.com/dpr_2,q_60,w_210,c_limit,fl_progressive/assets/images/25631682/2023/10/26/6be1c94a-eea6-412b-bd7b-c20eb275ec141698306290765StyleCastWomenPurpleFloralLonglineOpenFrontJacket1.jpg",StyleCast,https://www.myntra.com/jackets/stylecast/stylecast-purple-hooded-open-front-jacket/25631682/buy,Hooded Open Front Jacket,Sizes: M,Rs. 1799,Rs. 4799,(Rs. 3000 OFF),0
Women,0,0,"https://assets.myntassets.com/dpr_2,q_60,w_210,c_limit,fl_progressive/assets/images/29058882/2024/5/24/81eb8a8d-ebcc-493a-976b-5a3c38ae20ec1716546365242-aaliya-Women-Jackets-1861716546364656-1.jpg",aaliya,https://www.myntra.com/jackets/aaliya/aaliya-lightweight-crop-open-front-jacket-with-embellished-detail/29058882/buy,Crop Open Front Jacket,Sizes: S,Rs. 2499,Rs. 4999,(50% OFF),0
Women,4.6,|383,"https://assets.myntassets.com/dpr_2,q_60,w_210,c_limit,fl_progressive/assets/images/26817166/2024/1/7/c78210f7-b237-4c94-bcbc-5d72bfdbbd671704614043252ATHLISISWomenBlackLightweightTrainingorGymSportyJacket1.jpg",ATHLISIS,https://www.myntra.com/jackets/athlisis/athlisis-lightweight-dry-fit-training-or-gym-sporty-jacket/26817166/buy,Training or Gym Sporty Jacket,Sizes: S,Rs. 997,Rs. 2849,(65% OFF),60
Women,4.2,|4.1k,"https://assets.myntassets.com/dpr_2,q_60,w_210,c_limit,fl_progressive/assets/images/12288112/2020/8/24/f6156d8a-0241-4f06-ae33-8b42abd51e5f1598260771946-SASSAFRAS-Women-Black-Solid-Bomber-1821598260769963-1.jpg",SASSAFRAS,https://www.myntra.com/jackets/sassafras/sassafras-women-black-solid-corduroy-cropped-bomber-jacket/12288112/buy,Corduroy Cropped Bomber Jacket,Sizes: XS,Rs. 899,Rs. 1999,(55% OFF),477
Women,0,0,"https://assets.myntassets.com/dpr_2,q_60,w_210,c_limit,fl_progressive/assets/images/25948212/2024/5/17/ef920b8a-0d51-4883-9b94-ad48ec8993101715927881736-FableStreet-Floral-Jacquard-Woven-Open-Front-Jacket-64017159-1.jpg",FableStreet,https://www.myntra.com/jackets/fablestreet/fablestreet-floral-jacquard-woven-open-front-jacket/25948212/buy,Floral Woven Open Front Jacket,Sizes: S,Rs. 4286,Rs. 6595,(35% OFF),0
Women,0,0,"https://assets.myntassets.com/dpr_2,q_60,w_210,c_limit,fl_progressive/assets/images/27011576/2024/1/19/928d0266-4555-4733-b0e2-529291b1ec711705671436290StyleCastWomenGreyLonglineTailoredJacket1.jpg",StyleCast,https://www.myntra.com/jackets/stylecast/stylecast-grey--white-colourblocked-spread-collar-open-front-jacket/27011576/buy,Colourblocked Jacket,Sizes: S,Rs. 1399,Rs. 3799,(Rs. 2400 OFF),0
Women,4.4,|19.5k,"https://assets.myntassets.com/dpr_2,q_60,w_210,c_limit,fl_progressive/assets/images/12279300/2023/11/20/ff0b0662-1c12-49d9-beea-a8e4aea707ed1700479574190TheRoadsterLifeCoPureCottonSolidDenimTruckerJacket1.jpg",Roadster,https://www.myntra.com/jackets/roadster/the-roadster-life-co-pure-cotton-solid-denim-trucker-jacket/12279300/buy,Pure Cotton Trucker Jacket,Sizes: S,Rs. 991,Rs. 1599,(38% OFF),1991
Women,3.9,|300,"https://assets.myntassets.com/dpr_2,q_60,w_210,c_limit,fl_progressive/assets/images/26370342/2023/12/12/34a2551a-56b0-4d66-9885-046b760e8ca11702355784113Palazzos1.jpg",KALINI,https://www.myntra.com/palazzos/kalini/kalini-flared-fit-knitted-palazzos/26370342/buy,Flared Fit Knitted Palazzos,Sizes: 38,Rs. 389,Rs. 1499,(74% OFF),50
Women,0,0,"https://assets.myntassets.com/dpr_2,q_60,w_210,c_limit,fl_progressive/assets/images/29843843/2024/5/29/f57dc857-5bac-430b-869a-b6d8fe91864a1716985385905Skirts1.jpg",Actuel,https://www.myntra.com/skirts/actuel/actuel-girls-pure-cotton-a-line-mini-skirts/29843843/buy,Girls Cotton A-line Mini Skirt,Sizes: 2-3Y,Rs. 728,Rs. 910,(20% OFF),0
Women,0,0,"https://assets.myntassets.com/dpr_2,q_60,w_210,c_limit,fl_progressive/assets/images/28891464/2024/4/12/06d7efa7-8905-4d63-aea7-a289e32e74201712926039170StretchableA-lineSkirt-Navy1.jpg",FableStreet,https://www.myntra.com/skirts/fablestreet/fablestreet-a-line-knee-length-skirts/28891464/buy,A-Line Knee Length Skirts,Sizes: 28,Rs. 1871,Rs. 2495,(25% OFF),0
Women,4,|1.4k,"https://assets.myntassets.com/dpr_2,q_60,w_210,c_limit,fl_progressive/assets/images/21224844/2022/12/16/67cddb9a-8d15-433e-af1b-7228e36996c41671206742180PistaaWomensCottonSolidRegularPalazzo1.jpg",Pistaa,https://www.myntra.com/palazzos/pistaa/pistaa-women-ethnic-palazzos/21224844/buy,Women Palazzos,Sizes: 30,Rs. 749,Rs. 2799,(Rs. 2050 OFF),112
Women,4.4,|577,"https://assets.myntassets.com/dpr_2,q_60,w_210,c_limit,fl_progressive/assets/images/21991276/2023/7/10/67a72d77-49f9-409f-bbe4-fc04707a60611688989076803-RATAN-Women-Flared-Georgette-Palazzos-2691688989076192-1.jpg",RATAN,https://www.myntra.com/palazzos/ratan/ratan-women-flared-georgette-palazzos/21991276/buy,Women Flared Palazzos,Sizes: Onesize,Rs. 873,Rs. 1899,(54% OFF),86
Women,4.1,|13,"https://assets.myntassets.com/dpr_2,q_60,w_210,c_limit,fl_progressive/assets/images/25992506/2023/11/22/7d861511-91a2-47fb-ae34-ffdb5dcf99711700651392532Skirts1.jpg",FableStreet,https://www.myntra.com/skirts/fablestreet/fablestreet-back-slit-pencil-midi-skirt/25992506/buy,Pencil Midi Skirt,Sizes: 28,Rs. 1816,Rs. 2795,(35% OFF),0
Women,4,|190,"https://assets.myntassets.com/dpr_2,q_60,w_210,c_limit,fl_progressive/assets/images/26370324/2023/12/12/52cc0b7d-961f-4ac2-a642-084a2a72c0331702355325205Palazzos1.jpg",KALINI,https://www.myntra.com/palazzos/kalini/kalini-women-flared-fit-palazzos/26370324/buy,Women Flared Fit Palazzos,Sizes: 28,Rs. 389,Rs. 1499,(74% OFF),23
Women,4.1,|831,"https://assets.myntassets.com/dpr_2,q_60,w_210,c_limit,fl_progressive/assets/images/19320926/2022/8/12/6211bf35-dfe7-4304-bc86-7e190b5fdba71660298109051WomenMaroonWhiteChanderiChikankariStraightKurtaPalazzosPopne1.jpg",Popnetic,https://www.myntra.com/palazzos/popnetic/popnetic-women-black-palazzos/19320926/buy,Women Palazzos,Sizes: 28,Rs. 594,Rs. 1699,(65% OFF),85
Women,0,0,"https://assets.myntassets.com/dpr_2,q_60,w_210,c_limit,fl_progressive/assets/images/28891436/2024/4/12/581c06eb-7571-4483-99b2-2cd4e88d42ad1712922285996StretchablePencilSkirt-RoyalBlue1.jpg",FableStreet,https://www.myntra.com/skirts/fablestreet/fablestreet-mid-rise-pencil-type-midi-skirt/28891436/buy,Pencil Type Midi Skirt,Sizes: 28,Rs. 1871,Rs. 2495,(25% OFF),0
Women,4.1,|1.3k,"https://assets.myntassets.com/dpr_2,q_60,w_210,c_limit,fl_progressive/assets/images/21224836/2022/12/16/129b7a3e-5be5-435a-ba14-fb8c90828fd21671206734787PistaaWomensCottonSolidRegularPalazzo1.jpg",Pistaa,https://www.myntra.com/palazzos/pistaa/pistaa-women-regular-palazzos/21224836/buy,Women Regular Palazzos,Sizes: 30,Rs. 749,Rs. 2799,(Rs. 2050 OFF),110
Women,4.2,|18,"https://assets.myntassets.com/dpr_2,q_60,w_210,c_limit,fl_progressive/assets/images/28095900/2024/3/7/2f7f78c2-22be-419e-85bc-6782078d576a1709813421568CottonFlexStraightPant1.jpg",Likha,https://www.myntra.com/palazzos/likha/likha-women-palazzos/28095900/buy,Women Palazzos,Sizes: 32,Rs. 989,Rs. 1099,(10% OFF),2
Women,4.8,|6,"https://assets.myntassets.com/dpr_2,q_60,w_210,c_limit,fl_progressive/assets/images/26923876/2024/1/15/f96280c1-515c-47e2-9f21-93ead46d293b1705277549958SALTATTIREPencilKneeLengthSkirts1.jpg",SALT ATTIRE,https://www.myntra.com/skirts/salt+attire/salt-attire-straight-knee-length-skirt/26923876/buy,Straight Knee Length Skirt,Sizes: 26,Rs. 1497,Rs. 2495,(40% OFF),3
Women,4.3,|330,"https://assets.myntassets.com/dpr_2,q_60,w_210,c_limit,fl_progressive/assets/images/21648040/2023/2/1/9c549237-0810-4d92-8111-e9b399e2fdbe1675247335781-Sangria-Women-Palazzos-9811675247335370-1.jpg",Sangria,https://www.myntra.com/palazzos/sangria/sangria-women-embroidered-schiffli-palazzos/21648040/buy,Women Embroidered Palazzos,Sizes: 28,Rs. 599,Rs. 1999,(70% OFF),33
Women,0,0,"https://assets.myntassets.com/dpr_2,q_60,w_210,c_limit,fl_progressive/assets/images/29629842/2024/5/17/9d73ee8b-799d-4717-a3b5-86f9b011a2161715969347087GlobusWomenIndigoAllOverPrintedStraightPalazzoWithSideTassel1.jpg",Globus,https://www.myntra.com/palazzos/globus/globus-women-printed-ethnic-palazzos/29629842/buy,Women Printed Palazzos,Sizes: 28,Rs. 839,Rs. 1199,(30% OFF),0
Women,4,|13,"https://assets.myntassets.com/dpr_2,q_60,w_210,c_limit,fl_progressive/assets/images/28325266/2024/3/16/fd1b28ee-d4c7-4d8a-98fc-75f77b45a2b01710600804012Skirts1.jpg",Virgio,https://www.myntra.com/skirts/virgio/virgio-checked-cotton-straight-mini-skirt/28325266/buy,Cotton Straight Mini Skirt,Sizes: 28,Rs. 892,Rs. 1190,(25% OFF),2
Women,4.1,|454,"https://assets.myntassets.com/dpr_2,q_60,w_210,c_limit,fl_progressive/assets/images/23593376/2023/6/10/e4e9aacb-2378-4004-b5bc-9597b229bee21686396403771Sarees4.jpg",Sangria,https://www.myntra.com/sarees/sangria/sangria-charcoal--pink-floral-printed-satin-saree/23593376/buy,Floral Printed Satin Saree,Sizes: Onesize,Rs. 999,Rs. 4999,(80% OFF),60
Women,4.2,|1.8k,"https://assets.myntassets.com/dpr_2,q_60,w_210,c_limit,fl_progressive/assets/images/17781794/2023/1/30/71411c87-3a7a-4500-bf5d-774573eb19721675069898032-Silk-Land-Ethnic-Motifs-Zari-Pure-Silk-Kanjeevaram-Saree-737-1.jpg",Silk Land,https://www.myntra.com/sarees/silk+land/silk-land-ethnic-motifs-zari-kasauv-saree/17781794/buy,Ethnic Motifs Kasauv Saree,Sizes: Onesize,Rs. 611,Rs. 3596,(83% OFF),217
Women,3.9,|59,"https://assets.myntassets.com/dpr_2,q_60,w_210,c_limit,fl_progressive/assets/images/24805718/2023/9/4/a91db977-43d7-4a1b-bb90-b4ade4eba6281693835059813WomenFloralSequinesandThreadEmbroideredCelebritySaree1.jpg",Inddus,https://www.myntra.com/sarees/inddus/inddus-embroidered-sequinned-saree/24805718/buy,Embroidered Sequinned Saree,Sizes: Onesize,Rs. 2175,Rs. 6799,(68% OFF),12
Women,3.6,|87,"https://assets.myntassets.com/dpr_2,q_60,w_210,c_limit,fl_progressive/assets/images/27989168/2024/3/2/5ef86fa4-73e3-4266-8d81-d9921dded8751709348581018SidhidataWomensPrintedReadyToWearSareeWithUnstitchedBlousePi1.jpg",Sidhidata,https://www.myntra.com/sarees/sidhidata/sidhidata-floral-pure-georgette-ready-to-wear-saree/27989168/buy,Floral Pure Georgette Saree,Sizes: Onesize,Rs. 1199,Rs. 2999,(Rs. 1800 OFF),16
Women,4.2,|1k,"https://assets.myntassets.com/dpr_2,q_60,w_210,c_limit,fl_progressive/assets/images/27214066/2024/1/29/25f22eaa-c9e8-422e-be02-2eddbe59332d1706510055234KALINIKalamkariArtSilkBlockPrintSaree1.jpg",KALINI,https://www.myntra.com/sarees/kalini/kalini-kalamkari-printed-block-print-saree/27214066/buy,Kalamkari Block Print Saree,Sizes: Onesize,Rs. 601,Rs. 1770,(66% OFF),161
Women,4.3,|257,"https://assets.myntassets.com/dpr_2,q_60,w_210,c_limit,fl_progressive/assets/images/23737236/2023/6/23/3855eea1-7021-44d1-8363-5d92fce7b87d1687515794135InddusBluePinkEmbroideredSatinSaree1.jpg",Inddus,https://www.myntra.com/sarees/inddus/inddus-floral-embroidered-mirror-work-satin-saree/23737236/buy,Embroidered Satin Saree,Sizes: Onesize,Rs. 2039,Rs. 6799,(70% OFF),34
Women,3.9,|2.9k,"https://assets.myntassets.com/dpr_2,q_60,w_210,c_limit,fl_progressive/assets/images/23194438/2023/5/15/c8751a5b-54af-49d8-9051-cef942737be01684149792755MiteraWomensBluePolyChiffonDyedSaree1.jpg",Mitera,https://www.myntra.com/sarees/mitera/mitera-blue-ombre-dyed-ready-to-wear-saree/23194438/buy,Ready to Wear Saree,Sizes: Onesize,Rs. 691,Rs. 4612,(85% OFF),424
Women,3.4,|1.1k,"https://assets.myntassets.com/dpr_2,q_60,w_210,c_limit,fl_progressive/assets/images/26105162/2023/11/28/2189873d-9176-4cd0-86e7-5373c134f69c1701191303413SangriaBlackGeorgetteEthnicEmbellishedPartyWearSareewithMatc1.jpg",Sangria,https://www.myntra.com/sarees/sangria/sangria-black-sequinned-embellished-saree/26105162/buy,Sequinned Embellished Saree,Sizes: Onesize,Rs. 1299,Rs. 5049,(Rs. 3750 OFF),140
Women,4.2,|2.1k,"https://assets.myntassets.com/dpr_2,q_60,w_210,c_limit,fl_progressive/assets/images/24731842/2023/8/30/6217cf42-0442-4e51-bc2c-980e013f8e2c1693376071642WomenPinkFloralSequinesEmbroideredRuffledSareewithBlousePiec1.jpg",Inddus,https://www.myntra.com/sarees/inddus/inddus-floral-sequines-embroidered-ruffled-saree/24731842/buy,Embroidered Ruffled Net Saree,Sizes: Onesize,Rs. 1983,Rs. 6199,(68% OFF),335
Women,4,|1.6k,"https://assets.myntassets.com/dpr_2,q_60,w_210,c_limit,fl_progressive/assets/images/22010258/2024/2/27/d237f66e-53d3-4376-a2f7-78984267af691709032802925-KALINI-Printed-Batik-Saree-4051709032802504-1.jpg",KALINI,https://www.myntra.com/sarees/kalini/kalini-printed-batik-saree/22010258/buy,Printed Batik Saree,Sizes: Onesize,Rs. 615,Rs. 2799,(78% OFF),177
Women,3.9,|1.6k,"https://assets.myntassets.com/dpr_2,q_60,w_210,c_limit,fl_progressive/assets/images/24218850/2023/8/7/006cafb1-2d9f-48b6-aef6-c9a754fac5ce1691426303787MiteraPinkWhiteOmbrePureChiffonSaree1.jpg",Mitera,https://www.myntra.com/sarees/mitera/mitera-pink--white-ombre-pure-chiffon-saree/24218850/buy,Ombre Pure Chiffon Saree,Sizes: Onesize,Rs. 549,Rs. 4999,(89% OFF),180
Women,3.9,|105,"https://assets.myntassets.com/dpr_2,q_60,w_210,c_limit,fl_progressive/assets/images/23452788/2023/5/27/f71e1b64-8613-4699-832a-01d5f173b1021685203156874WomenFloralThreadWorkSequinsEmbroideredSareewithBlousePiece1.jpg",Inddus,https://www.myntra.com/sarees/inddus/inddus-pink-floral-sequinned-poly-georgette-saree/23452788/buy,Floral Poly Georgette Saree,Sizes: Onesize,Rs. 2495,Rs. 7799,(68% OFF),20
Women,3.7,|8.7k,"https://assets.myntassets.com/dpr_2,q_60,w_210,c_limit,fl_progressive/assets/images/22866694/2023/4/24/b699d978-6a8f-4064-bcaf-f2480db9f4a41682349679691KaliniOrangeSilkBlendEthnicWovenDesignFestiveSareewithMatchi1.jpg",KALINI,https://www.myntra.com/sarees/kalini/kalini-ethnic-motif-woven-design-zari-banarasi-saree/22866694/buy,Woven Design Banarasi Saree,Sizes: Onesize,Rs. 626,Rs. 3299,(81% OFF),957
Women,4,|6.9k,"https://assets.myntassets.com/dpr_2,q_60,w_210,c_limit,fl_progressive/assets/images/19442274/2022/9/10/44f196be-aea5-451e-93a4-b021565e49a51662812133954-Mitera-Pink--Gold-Toned-Floral-Zari-Pure-Chiffon-Saree-83616-1.jpg",Mitera,https://www.myntra.com/sarees/mitera/mitera-pink--gold-toned-floral-zari-pure-chiffon-saree/19442274/buy,Floral Pure Chiffon Saree,Sizes: Onesize,Rs. 679,Rs. 3999,(83% OFF),860
Women,4,|233,"https://assets.myntassets.com/dpr_2,q_60,w_210,c_limit,fl_progressive/assets/images/23452764/2023/5/27/a80cb52a-6171-49bf-bef8-348c3330afd21685204854334WomenMultiSequinsEmbroideredTasselDetailsSareewithBlousePiec1.jpg",Inddus,https://www.myntra.com/sarees/inddus/inddus-maroon-embellished-sequinned-silk-blend-saree/23452764/buy,Embellished Silk Blend Saree,Sizes: Onesize,Rs. 1799,Rs. 5999,(70% OFF),31
Women,4.2,|930,"https://assets.myntassets.com/dpr_2,q_60,w_210,c_limit,fl_progressive/assets/images/24780748/2023/9/2/ff2f0caf-e4eb-412b-a5f2-39f5ba914f5b1693651049862ElegantRedEmbroideredNetSaree-Sangria6.jpg",Sangria,https://www.myntra.com/sarees/sangria/sangria-embroidered-net-sarees/24780748/buy,Embroidered Net Sarees,Sizes: Onesize,Rs. 1428,Rs. 4330,(67% OFF),136
Women,4,|3.5k,"https://assets.myntassets.com/dpr_2,q_60,w_210,c_limit,fl_progressive/assets/images/21209326/2023/1/11/ef0dbde1-af80-4465-8b7b-6025cdb867c41673437032164-kasee-Embellished-Beads-and-Stones-Saree-8081673437031391-1.jpg",kasee,https://www.myntra.com/sarees/kasee/kasee-embellished-beads-and-stones-saree/21209326/buy,Embellished Saree,Sizes: Onesize,Rs. 1455,Rs. 8088,(82% OFF),550
Women,4.2,|1.9k,"https://assets.myntassets.com/dpr_2,q_60,w_210,c_limit,fl_progressive/assets/images/24533088/2023/8/17/feca59b9-9798-45dc-9823-40c56e1788951692291102403InddusMauveGold-TonedSequinnedNetSaree1.jpg",Inddus,https://www.myntra.com/sarees/inddus/inddus-embroidered-detailed-net-saree/24533088/buy,Embroidered Detailed Net Saree,Sizes: Onesize,Rs. 1979,Rs. 6599,(70% OFF),314
Women,3.7,|8.7k,"https://assets.myntassets.com/dpr_2,q_60,w_210,c_limit,fl_progressive/assets/images/22536178/2023/3/28/060630ba-0cb0-46f5-ab19-59a0d7502af41679989291511KALINIMaroonBlueWovenDesignZariPureSilkKanjeevaramSaree1.jpg",KALINI,https://www.myntra.com/sarees/kalini/kalini-ethnic-motif-woven-design-zari-kanjeevaram-saree/22536178/buy,Woven Design Kanjeevaram Saree,Sizes: Onesize,Rs. 593,Rs. 3299,(82% OFF),952
Women,3.9,|398,"https://assets.myntassets.com/dpr_2,q_60,w_210,c_limit,fl_progressive/assets/images/24067756/2023/7/18/faef0ab7-d129-402f-a3a9-547c8f97a4d61689627102273WomenSequinnedEmbroideredBorderSareewithBlousePiece5.jpg",Sangria,https://www.myntra.com/sarees/sangria/sangria-embroidered-saree-with-blouse/24067756/buy,Embroidered Saree With Blouse,Sizes: Onesize,Rs. 1259,Rs. 4499,(72% OFF),47
Women,4.2,|86,"https://assets.myntassets.com/dpr_2,q_60,w_210,c_limit,fl_progressive/assets/images/23737248/2023/6/23/569e87f6-299b-426f-8b1f-4d817be776041687526164639InddusMauveGold-TonedSequinnedOrganzaSaree1.jpg",Inddus,https://www.myntra.com/sarees/inddus/inddus-floral-embroidered-sequinned-organza-saree/23737248/buy,Embroidered Organza Saree,Sizes: Onesize,Rs. 2174,Rs. 7499,(71% OFF),12
Women,4.1,|2.5k,"https://assets.myntassets.com/dpr_2,q_60,w_210,c_limit,fl_progressive/assets/images/22751732/2023/4/13/cbc93b2d-4a2a-4193-a0cc-b4505ae2bae81681350302616KALINIOffWhiteBhagalpuriSilkEthnicPrintedFestiveSareewithMat1.jpg",KALINI,https://www.myntra.com/sarees/kalini/kalini-ethnic-motifs-printed-saree/22751732/buy,Ethnic Motifs Printed Saree,Sizes: Onesize,Rs. 659,Rs. 3299,(80% OFF),318
Women,0,0,"https://assets.myntassets.com/dpr_2,q_60,w_210,c_limit,fl_progressive/assets/images/29846196/2024/6/14/9d27c643-6d58-491c-8414-e5fbf18fc0c11718360334277-DDRS-FASHION-Sequinned-Pure-Georgette-Saree-951718360333683-1.jpg",DDRS FASHION,https://www.myntra.com/sarees/ddrs+fashion/ddrs-fashion-sequinned-pure-georgette-saree/29846196/buy,Sequinned Pure Georgette Saree,Sizes: Onesize,Rs. 719,Rs. 899,(20% OFF),0
Women,3.5,|33,"https://assets.myntassets.com/dpr_2,q_60,w_210,c_limit,fl_progressive/assets/images/25273132/2023/9/30/aabea3eb-3cd8-469f-b96c-242e209869c71696051902850InddusTealGold-TonedSequinnedNetSaree1.jpg",Inddus,https://www.myntra.com/sarees/inddus/inddus-embroidered-sequinned-net-saree/25273132/buy,Sequinned Net Saree,Sizes: Onesize,Rs. 2404,Rs. 6499,(63% OFF),8
Women,4.3,|259,"https://assets.myntassets.com/dpr_2,q_60,w_210,c_limit,fl_progressive/assets/images/21982480/2023/3/3/03d0d31e-7c02-4ae2-a082-7a756690fe551677843310442-HERENOW-Women-Kurtis-2791677843309923-1.jpg",HERE&NOW,https://www.myntra.com/kurtis/here%26now/herenow-ethnic-motifs-print-pleated-kurti/21982480/buy,Ethnic Motifs Print Kurti,Sizes: M,Rs. 428,Rs. 1299,(67% OFF),32
Women,4.1,|757,"https://assets.myntassets.com/dpr_2,q_60,w_210,c_limit,fl_progressive/assets/images/24035474/2023/8/7/33f494bf-39a0-499e-b86c-cf008706dce61691391098206-Womens-Pink--Red-Ethnic-Motif-Print-Kurti-8271691391097757-1.jpg",HERE&NOW,https://www.myntra.com/kurtis/here%26now/herenow-floral-printed-pure-cotton-straight-kurti/24035474/buy,Floral Printed Kurti,Sizes: M,Rs. 459,Rs. 999,(54% OFF),94
Women,3.9,|2.6k,"https://assets.myntassets.com/dpr_2,q_60,w_210,c_limit,fl_progressive/assets/images/15887156/2022/8/26/9f1163cc-c65c-4edd-af60-88b08b329a701661518339153HERENOWGreyWhiteEthnicMotifsPrintPureCottonKurti1.jpg",HERE&NOW,https://www.myntra.com/kurtis/here%26now/herenow-grey--white-ethnic-motifs-print-pure-cotton-kurti/15887156/buy,Ethnic Motifs Cotton Kurti,Sizes: XS,Rs. 449,Rs. 999,(55% OFF),223
Women,4.1,|401,"https://assets.myntassets.com/dpr_2,q_60,w_210,c_limit,fl_progressive/assets/images/25183850/2023/9/25/7b7d35d7-dced-4c97-a1ef-032e1c586a271695633347372HERENOWMustardYellowEmbroideredChikankariChikankariKurti1.jpg",HERE&NOW,https://www.myntra.com/kurtis/here%26now/herenow-embroidered-chikankari-georgette-kurti/25183850/buy,Chikankari Georgette Kurti,Sizes: M,Rs. 598,Rs. 2139,(72% OFF),64
Women,4.2,|1.6k,"https://assets.myntassets.com/dpr_2,q_60,w_210,c_limit,fl_progressive/assets/images/15898818/2022/8/26/72ff26f3-3923-41a5-8c06-0f07ee214f491661518338051HERENOWWomenRedPintuxDetailKurti1.jpg",HERE&NOW,https://www.myntra.com/kurtis/here%26now/herenow-women-red-pintux-detail-kurti/15898818/buy,Women Solid Kurti,Sizes: XS,Rs. 549,Rs. 1099,(50% OFF),141
Women,4.2,|1.6k,"https://assets.myntassets.com/dpr_2,q_60,w_210,c_limit,fl_progressive/assets/images/18226102/2022/5/18/a4b05edb-36d0-467a-8b63-87b1d2a414561652870101106-HERENOW-Women-Kurtis-2461652870100596-1.jpg",HERE&NOW,https://www.myntra.com/kurtis/here%26now/herenow-women-blue--orange-ethnic-motifs-printed-kurti/18226102/buy,Ethnic Motifs Printed Kurti,Sizes: L,Rs. 545,Rs. 1299,(58% OFF),141
Women,4.1,|351,"https://assets.myntassets.com/dpr_2,q_60,w_210,c_limit,fl_progressive/assets/images/23162820/2023/5/13/69cf4ede-ab67-45a3-8908-dc819cc2c95e1683960328549Kurtis1.jpg",HERE&NOW,https://www.myntra.com/kurtis/here%26now/herenow-beige--pink-sand-floral-printed-kurti/23162820/buy,Floral Printed Kurti,Sizes: S,Rs. 499,Rs. 999,(50% OFF),40
Women,4.2,|609,"https://assets.myntassets.com/dpr_2,q_60,w_210,c_limit,fl_progressive/assets/images/18238638/2022/8/24/79814421-d5f8-401d-b6e4-b18eb62928031661322627516-HERENOW-Women-Kurtis-9881661322627020-1.jpg",HERE&NOW,https://www.myntra.com/kurtis/here%26now/herenow-violet--white-ethnic-motifs-printed-pure-cotton-kurti/18238638/buy,Ethnic Motifs Printed Kurti,Sizes: S,Rs. 549,Rs. 1099,(50% OFF),52
Women,0,0,"https://assets.myntassets.com/dpr_2,q_60,w_210,c_limit,fl_progressive/assets/images/28671832/2024/4/4/4cb08812-cf3c-4de2-8705-4af9ff5ef0431712210364779Kurtis1.jpg",HERE&NOW,https://www.myntra.com/kurtis/here%26now/herenow-floral-printed-v-neck-pure-cotton-anarkali-kurti/28671832/buy,Printed Anarkali Kurti,Sizes: S,Rs. 769,Rs. 2199,(65% OFF),0
Women,4.2,|1.6k,"https://assets.myntassets.com/dpr_2,q_60,w_210,c_limit,fl_progressive/assets/images/15898814/2023/9/15/b91222f3-325f-4906-b047-7a08e82de6ee1694770661769HERENOWWomenGreenSelf-StripedPureCottonKurti1.jpg",HERE&NOW,https://www.myntra.com/kurtis/here%26now/herenow-women-green-self-striped-kurti/15898814/buy,Self-Striped Kurti,Sizes: S,Rs. 549,Rs. 1099,(50% OFF),140
Women,4.1,|35,"https://assets.myntassets.com/dpr_2,q_60,w_210,c_limit,fl_progressive/assets/images/22651166/2023/4/5/13984a46-d08c-4d7a-884f-a66ba0e0581c1680659011004Kurtis1.jpg",HERE&NOW,https://www.myntra.com/kurtis/here%26now/herenow-navy-blue--grey-chevron-printed-v-neck-angrakha-a-line-kurti/22651166/buy,Printed Angrakha A-Line Kurti,Sizes: S,Rs. 630,Rs. 1545,(Rs. 915 OFF),4
Women,4.5,|15,"https://assets.myntassets.com/dpr_2,q_60,w_210,c_limit,fl_progressive/assets/images/26616522/2024/3/28/03d7086d-f452-4438-9e2c-1b5af8fbe6421711609876716-HERENOW-Women-Kurtis-2041711609876232-1.jpg",HERE&NOW,https://www.myntra.com/kurtis/here%26now/herenow-pom-pom-lace-insert-pleated-ethnic-motifs-printed-kurti/26616522/buy,Ethnic Motifs Printed Kurti,Sizes: M,Rs. 719,Rs. 1799,(60% OFF),3
